20160802,700.90,2.12,34.79,0.55
20160803,698.32,2.11,34.66,0.55
20160804,701.67,2.12,34.84,0.55
20160805,696.09,2.10,34.56,0.56
20160808,696.43,2.10,34.59,0.55
20160809,700.73,2.12,34.82,0.55
20160810,707.46,2.14,35.00,0.54
20160811,703.33,2.13,34.73,0.55
20160812,705.18,2.13,34.83,0.55
20160816,698.87,2.11,34.52,0.55
20160817,693.67,2.10,34.27,0.56
20160818,696.93,2.11,33.86,0.55
20160819,696.20,2.11,33.83,0.55
20160822,688.15,2.08,33.43,0.56
20160823,687.38,2.08,33.40,0.56
20160824,687.78,2.08,33.42,0.56
20160825,683.96,2.07,33.25,0.56
20160826,680.43,2.06,33.09,0.57
20160829,663.58,2.01,32.23,0.58
20160830,667.61,2.02,32.44,0.58
20160831,663.69,2.01,32.27,0.58
20160901,671.29,2.03,32.65,0.57
20160902,676.91,2.05,32.93,0.57
20160905,679.49,2.06,33.08,0.57
20160906,679.26,2.06,33.07,0.57
20160907,672.49,2.04,32.65,0.57
20160908,667.40,2.02,32.41,0.58
20160909,664.99,2.02,32.26,0.58
20160912,652.91,1.98,31.67,0.59
20160913,660.15,2.00,32.04,0.58
20160919,666.64,2.02,32.37,0.58
20160920,674.51,2.04,32.71,0.57
20160921,678.28,2.06,32.85,0.57
20160922,685.24,2.08,33.20,0.56
20160923,688.59,2.09,33.42,0.56
20160926,686.76,2.08,33.35,0.56
20160927,687.99,2.09,33.42,0.56
20160928,686.76,2.08,33.36,0.56
20160929,689.83,2.09,33.54,0.56
20160930,681.21,2.07,33.17,0.56
20161004,685.88,2.07,37.05,0.52
20161005,685.44,2.07,36.55,0.53
20161006,684.33,2.06,36.49,0.53
20161007,675.90,2.04,36.04,0.54
20161010,674.74,2.04,35.99,0.54
20161011,670.64,2.02,35.76,0.54
20161012,669.95,2.02,35.72,0.54
20161013,663.09,2.00,35.32,0.55
20161014,664.92,2.01,35.42,0.54
20161017,659.83,2.00,35.16,0.55
20161018,660.29,2.00,35.18,0.55
20161019,661.26,2.00,35.23,0.55
20161020,655.68,1.99,34.94,0.55
20161021,651.77,1.97,34.73,0.55
20161024,647.88,1.96,34.53,0.56
20161025,640.17,1.94,34.14,0.56
20161026,635.51,1.93,33.89,0.57
20161027,648.57,1.97,34.59,0.56
20161028,640.17,1.94,34.15,0.56
20161031,624.68,1.90,33.37,0.58
20161101,626.38,1.91,33.51,0.57
20161102,606.06,1.85,32.43,0.59
20161103,609.99,1.86,32.66,0.59
20161104,610.82,1.86,32.71,0.59
20161107,622.17,1.90,33.32,0.58
20161108,624.19,1.90,33.44,0.58
20161109,599.74,1.83,32.12,0.60
20161110,623.23,1.91,33.40,0.58
20161111,621.89,1.90,33.33,0.58
20161114,621.23,1.90,33.29,0.58
20161115,617.43,1.89,33.04,0.58
20161116,627.83,1.92,33.62,0.57
20161117,627.76,1.92,33.62,0.57
20161118,620.26,1.90,33.01,0.58
20161121,609.33,1.86,32.42,0.59
20161122,610.74,1.87,32.50,0.59
20161123,600.29,1.84,31.95,0.60
20161124,592.65,1.81,31.55,0.61
20161125,597.82,1.83,31.84,0.60
20161128,593.05,1.82,31.59,0.60
20161129,596.07,1.83,31.77,0.60
20161130,596.11,1.83,31.77,0.60
20161201,593.85,1.77,37.32,0.60
20161202,586.73,1.75,37.05,0.60
20161205,575.12,1.72,36.73,0.62
20161206,581.35,1.73,37.13,0.61
20161207,578.52,1.73,37.56,0.61
20161208,584.62,1.75,37.99,0.60
20161209,594.35,1.78,38.63,0.59
20161212,603.08,1.81,39.20,0.58
20161213,611.09,1.83,39.70,0.58
20161214,612.47,1.84,39.83,0.57
20161215,620.61,1.86,40.37,0.57
20161216,622.08,1.87,40.22,0.56
20161219,622.77,1.87,40.27,0.56
20161220,617.99,1.85,39.92,0.57
20161221,618.63,1.86,39.97,0.57
20161222,615.93,1.85,39.78,0.57
20161223,619.75,1.86,40.03,0.56
20161226,615.16,1.85,39.74,0.57
20161227,618.38,1.86,39.96,0.57
20161228,627.27,1.89,40.56,0.56
20161229,631.44,1.90,40.84,0.55
20170102,632.04,1.90,40.89,0.55
20170103,636.57,1.91,41.19,0.55
20170104,639.79,1.92,41.40,0.55
20170105,642.48,1.93,41.57,0.54
20170106,643.68,1.94,41.65,0.54
20170109,642.15,1.93,41.56,0.54
20170110,636.73,1.92,41.20,0.55
20170111,637.90,1.92,41.28,0.55
20170112,632.87,1.90,40.95,0.55
20170113,634.68,1.91,41.09,0.55
20170116,627.88,1.89,40.67,0.56
20170117,624.00,1.88,40.42,0.56
20170118,626.89,1.89,40.61,0.56
20170119,626.19,1.88,40.57,0.56
20170120,622.12,1.87,40.35,0.56
20170123,615.99,1.86,39.95,0.57
20170124,612.93,1.85,39.78,0.57
20170125,609.64,1.84,39.63,0.57
20170126,616.81,1.86,40.03,0.56
20170131,616.13,1.86,39.99,0.56
20170201,623.68,1.88,40.49,0.56
20170202,613.04,1.85,39.84,0.57
20170203,609.21,1.84,39.60,0.57
20170206,610.96,1.85,39.72,0.57
20170207,608.72,1.84,39.58,0.57
20170208,608.79,1.84,39.60,0.57
20170209,611.04,1.85,39.75,0.57
20170210,610.58,1.85,39.72,0.57
20170213,611.94,1.85,39.80,0.57
20170214,611.54,1.85,39.80,0.57
20170215,615.95,1.86,40.09,0.56
20170216,616.58,1.87,40.13,0.56
20170217,618.70,1.87,40.28,0.56
20170220,619.97,1.88,40.51,0.56
20170221,622.47,1.89,40.68,0.56
20170222,621.39,1.88,40.61,0.56
20170223,617.67,1.87,40.40,0.56
20170224,614.75,1.86,40.24,0.56
20170227,612.12,1.86,40.08,0.57
20170228,612.20,1.86,40.11,0.56
20170302,608.93,1.85,39.89,0.57
20170303,600.73,1.83,39.25,0.57
20170306,604.05,1.84,39.47,0.57
20170307,606.05,1.84,39.77,0.57
20170308,605.75,1.84,39.75,0.57
20170309,606.13,1.84,39.77,0.57
20170310,612.26,1.86,40.29,0.56
20170313,615.59,1.87,40.51,0.56
20170314,614.12,1.87,40.41,0.56
20170315,608.68,1.85,40.05,0.57
20170316,613.88,1.87,40.22,0.56
20170317,613.26,1.87,40.94,0.56
20170320,609.11,1.86,40.67,0.57
20170321,609.73,1.86,40.77,0.56
20170322,607.57,1.85,40.68,0.57
20170323,605.53,1.85,40.44,0.57
20170324,608.18,1.86,39.21,0.57
20170327,607.07,1.86,38.97,0.57
20170328,612.28,1.87,39.19,0.56
20170329,613.63,1.88,39.28,0.56
20170330,614.68,1.88,39.15,0.56
20170331,619.28,1.90,39.01,0.56
20170403,628.52,1.92,39.57,0.55
20170404,625.49,1.92,39.38,0.55
20170405,630.17,1.93,39.72,0.55
20170406,630.46,1.93,39.74,0.55
20170407,633.32,1.94,39.86,0.54
20170410,619.41,1.89,38.86,0.56
20170411,621.64,1.90,39.04,0.55
20170412,621.45,1.90,39.02,0.56
20170413,623.87,1.91,39.17,0.55
20170414,618.24,1.89,38.83,0.56
20170417,629.47,1.93,39.53,0.55
20170418,634.73,1.94,39.87,0.54
20170419,635.99,1.95,39.96,0.54
20170420,635.80,1.95,39.95,0.54
20170421,634.96,1.95,39.92,0.54
20170424,626.62,1.92,39.39,0.55
20170425,632.57,1.94,39.77,0.54
20170426,635.11,1.95,39.95,0.54
20170427,631.11,1.93,39.68,0.55
20170428,628.24,1.93,39.51,0.55
20170502,626.43,1.86,35.24,0.63
20170504,635.11,1.89,35.74,0.63
20170508,643.39,1.91,36.26,0.62
20170510,642.68,1.91,36.22,0.62
20170511,647.58,1.93,36.50,0.61
20170512,643.73,1.92,36.29,0.62
20170515,645.38,1.92,36.40,0.61
20170516,639.11,1.90,36.05,0.62
20170517,640.01,1.91,36.11,0.62
20170518,638.12,1.90,36.00,0.62
20170519,642.45,1.91,36.26,0.62
20170522,642.62,1.91,36.27,0.62
20170523,644.73,1.92,36.39,0.61
20170524,646.04,1.93,36.47,0.61
20170525,643.02,1.92,36.31,0.62
20170526,646.01,1.93,36.49,0.61
20170529,642.98,1.92,36.33,0.61
20170530,649.06,1.94,36.67,0.61
20170531,652.04,1.94,36.83,0.61
20170601,653.83,1.95,32.89,0.60
20170602,658.78,1.97,33.14,0.60
20170605,662.32,1.98,33.28,0.60
20170607,666.46,1.99,33.41,0.59
20170608,669.97,2.00,33.59,0.59
20170609,674.15,2.01,33.80,0.59
20170612,664.86,1.99,33.36,0.59
20170613,669.23,2.00,33.59,0.59
20170614,671.59,2.01,33.71,0.59
20170615,669.82,2.00,33.63,0.59
20170616,670.70,2.00,33.66,0.59
20170619,675.44,2.02,33.90,0.59
20170620,669.41,2.00,33.59,0.59
20170621,665.77,1.99,33.42,0.59
20170622,663.28,1.98,33.29,0.60
20170623,668.93,2.00,33.58,0.59
20170626,668.36,2.00,33.56,0.59
20170627,672.63,2.01,33.78,0.59
20170628,665.89,1.99,33.48,0.59
20170629,668.00,2.00,33.60,0.59
20170630,669.04,2.00,33.65,0.59
20170703,660.97,1.98,32.57,0.59
20170704,656.19,1.96,32.33,0.60
20170705,661.54,1.98,32.61,0.59
20170706,663.79,1.99,32.72,0.59
20170707,663.77,1.99,32.72,0.59
20170710,657.86,1.97,31.88,0.61
20170711,656.01,1.96,31.71,0.61
20170712,651.10,1.95,31.48,0.62
20170713,652.69,1.95,31.54,0.62
20170714,654.11,1.95,31.55,0.61
20170717,659.89,1.97,31.79,0.61
20170718,664.02,1.98,31.95,0.61
20170719,671.53,2.00,32.30,0.60
20170720,676.51,2.02,32.56,0.60
20170721,676.60,2.02,32.57,0.60
20170724,677.32,2.02,32.58,0.59
20170725,670.47,2.00,32.26,0.60
20170726,667.22,1.99,32.12,0.60
20170727,666.48,1.99,32.10,0.60
20170728,652.95,1.95,31.45,0.62
20170731,650.47,2.00,31.90,0.60
20170801,653.12,2.01,32.04,0.59
20170802,657.52,2.02,32.25,0.59
20170803,643.09,1.98,31.54,0.60
20170804,641.58,1.98,31.47,0.60
20170807,648.39,2.00,31.75,0.60
20170808,651.67,2.01,31.90,0.59
20170809,642.87,1.98,31.46,0.60
20170810,640.04,1.97,31.32,0.60
20170811,628.34,1.94,30.81,0.62
20170814,629.37,1.94,30.81,0.61
20170816,634.91,1.96,30.85,0.61
20170817,642.11,1.98,31.21,0.60
20170818,643.58,1.99,31.29,0.60
20170821,640.85,1.98,31.15,0.60
20170822,644.26,1.99,31.23,0.60
20170823,643.71,1.99,31.21,0.60
20170824,647.71,2.00,31.40,0.60
20170825,650.27,2.01,31.52,0.59
20170828,652.92,2.02,31.66,0.59
20170829,653.96,2.02,31.68,0.59
20170830,655.00,2.03,31.67,0.59
20170831,657.83,2.04,31.83,0.59
20170901,661.99,1.97,30.23,0.58
20170904,650.89,1.94,29.72,0.59
20170905,648.75,1.93,29.61,0.59
20170906,652.59,1.95,29.78,0.59
20170907,658.48,1.96,30.07,0.58
20170908,654.29,1.95,29.84,0.58
20170911,656.53,1.96,29.96,0.58
20170912,660.05,1.97,30.14,0.58
20170913,659.09,1.97,30.09,0.58
20170914,665.41,1.99,30.39,0.57
20170915,671.30,1.99,30.91,0.57
20170918,675.87,2.01,31.14,0.56
20170919,674.48,2.00,31.13,0.57
20170920,668.05,1.98,30.82,0.57
20170921,661.11,1.97,30.43,0.58
20170922,648.95,1.93,29.87,0.59
20170925,642.04,1.91,29.58,0.59
20170926,642.40,1.91,29.61,0.59
20170927,649.24,1.93,29.94,0.59
20170928,648.09,1.93,29.86,0.59
20170929,652.82,1.95,30.08,0.58
20171010,654.59,1.95,30.16,0.58
20171011,662.31,1.98,30.54,0.57
20171012,666.54,1.99,30.73,0.57
20171013,663.08,1.98,30.58,0.57
20171016,659.41,1.97,30.41,0.57
20171017,670.51,2.00,30.90,0.57
20171018,668.42,2.00,30.79,0.57
20171019,667.10,1.99,30.74,0.57
20171020,672.95,2.01,31.02,0.56
20171023,675.86,2.02,31.13,0.56
20171024,687.21,2.05,31.67,0.55
20171025,689.14,2.06,31.77,0.55
20171026,680.61,2.04,31.39,0.56
20171027,689.97,2.07,31.84,0.55
20171030,689.68,2.06,31.83,0.55
20171031,694.20,2.08,32.04,0.55
20171101,695.77,2.08,32.12,0.54
20171102,694.96,2.08,32.07,0.54
20171103,701.13,2.10,32.38,0.54
20171106,703.79,2.11,32.52,0.54
20171107,701.14,2.10,32.42,0.54
20171108,709.11,2.13,32.80,0.53
20171109,709.94,2.13,32.84,0.53
20171110,720.79,2.16,33.34,0.52
20171113,741.38,2.23,34.30,0.51
20171114,756.46,2.27,35.02,0.50
20171115,768.03,2.31,35.56,0.49
20171116,780.22,2.35,36.14,0.48
20171117,775.85,2.33,35.93,0.49
20171120,785.32,2.36,36.35,0.48
20171121,789.38,2.37,36.55,0.48
20171122,780.90,2.35,36.17,0.48
20171123,796.80,2.40,36.90,0.47
20171124,792.74,2.38,36.69,0.48
20171127,792.80,2.40,36.94,0.47
20171128,773.12,2.34,36.03,0.48
20171129,781.72,2.37,36.42,0.48
20171130,771.42,2.33,35.95,0.48
20171201,787.70,2.32,33.79,0.47
20171204,782.45,2.30,33.42,0.48
20171205,774.12,2.27,33.01,0.48
20171206,768.39,2.26,32.75,0.48
20171207,753.46,2.21,32.15,0.49
20171208,744.06,2.19,31.71,0.50
20171211,764.09,2.25,32.58,0.48
20171212,760.40,2.24,32.43,0.49
20171213,772.22,2.27,32.94,0.48
20171214,770.35,2.24,32.43,0.48
20171215,771.82,2.24,32.49,0.48
20171218,770.50,2.24,32.43,0.48
20171219,766.18,2.22,32.19,0.48
20171220,755.27,2.19,31.78,0.49
20171221,740.32,2.15,31.17,0.50
20171222,761.20,2.21,32.08,0.49
20171226,762.21,2.22,32.12,0.48
20171227,791.95,2.30,33.37,0.47
20171228,798.42,2.33,33.69,0.46
20180102,812.45,2.37,34.28,0.45
20180103,822.31,2.40,34.70,0.45
20180104,808.01,2.35,34.10,0.46
20180105,828.03,2.41,34.96,0.45
20180108,839.51,2.45,35.45,0.44
20180109,829.99,2.42,35.06,0.44
20180110,834.91,2.44,35.29,0.44
20180111,852.51,2.49,36.08,0.43
20180112,873.05,2.55,36.98,0.42
20180115,891.61,2.61,37.77,0.41
20180116,901.23,2.64,38.18,0.41
20180117,886.58,2.60,37.35,0.41
20180118,898.19,2.63,37.84,0.41
20180119,879.99,2.58,37.07,0.42
20180122,873.09,2.56,36.78,0.42
20180123,894.43,2.62,37.69,0.41
20180124,894.77,2.62,37.70,0.41
20180125,898.60,2.63,37.86,0.41
20180126,913.12,2.67,38.48,0.40
20180129,927.05,2.72,39.03,0.40
20180130,920.96,2.70,38.77,0.40
20180131,913.57,2.68,38.45,0.40
20180201,908.20,2.66,38.19,0.40
20180202,899.47,2.63,37.83,0.41
20180205,858.22,2.51,36.11,0.43
20180206,858.17,2.52,36.12,0.43
20180207,829.96,2.43,34.93,0.44
20180208,861.94,2.53,36.28,0.43
20180209,842.60,2.24,32.90,0.49
20180212,843.24,2.24,32.90,0.49
20180213,829.39,2.20,32.37,0.50
20180214,848.03,2.26,33.12,0.49
20180219,875.81,2.33,34.21,0.47
20180220,864.41,2.30,33.77,0.48
20180221,875.58,2.33,34.23,0.47
20180222,870.22,2.32,34.12,0.47
20180223,874.78,2.34,34.31,0.47
20180226,874.43,2.34,34.31,0.47
20180227,874.01,2.34,34.31,0.47
20180228,857.06,2.30,33.74,0.48
20180302,860.23,2.31,33.86,0.48
20180305,845.00,2.27,33.27,0.48
20180306,859.21,2.30,33.95,0.48
20180307,841.03,2.26,33.23,0.49
20180308,853.94,2.29,33.73,0.48
20180309,865.80,2.32,34.20,0.47
20180312,884.27,2.37,34.94,0.46
20180313,886.25,2.38,35.01,0.46
20180314,886.92,2.38,35.04,0.46
20180315,890.43,2.39,35.19,0.46
20180316,894.43,2.40,35.36,0.46
20180319,880.97,2.36,34.83,0.46
20180320,890.40,2.39,35.18,0.46
20180321,885.55,2.38,34.93,0.46
20180322,871.62,2.34,34.21,0.47
20180323,829.68,2.22,31.75,0.50
20180326,853.69,2.29,32.72,0.48
20180327,858.84,2.30,32.90,0.48
20180328,850.97,2.28,32.58,0.48
20180329,865.99,2.33,33.19,0.48
20180330,871.09,2.34,33.40,0.47
20180402,867.80,2.33,33.29,0.47
20180403,872.32,2.35,33.23,0.47
20180404,862.51,2.32,32.86,0.48
20180405,868.93,2.34,33.10,0.47
20180406,867.96,2.33,33.07,0.47
20180409,874.44,2.35,33.32,0.47
20180410,877.30,2.36,33.45,0.47
20180411,885.38,2.38,33.77,0.46
20180412,881.45,2.37,33.58,0.47
20180413,891.87,2.40,33.98,0.46
20180416,896.89,2.41,34.19,0.46
20180417,901.22,2.42,34.31,0.46
20180418,893.32,2.41,34.11,0.46
20180419,882.73,2.38,33.73,0.46
20180420,889.17,2.39,33.92,0.46
20180423,879.02,2.36,33.44,0.47
20180424,873.61,2.35,33.23,0.47
20180425,869.93,2.34,33.09,0.47
20180426,879.39,2.36,33.46,0.47
20180427,886.49,2.38,33.75,0.46
20180430,875.95,2.35,33.36,0.47
20180502,871.03,2.31,41.17,0.53
20180503,866.07,2.30,40.95,0.53
20180504,856.34,2.27,40.49,0.54
20180508,827.22,2.19,39.10,0.56
20180509,850.85,2.26,40.24,0.54
20180510,854.93,2.27,40.44,0.54
20180511,865.93,2.30,40.91,0.53
20180514,858.70,2.27,40.50,0.54
20180515,862.94,2.29,40.76,0.54
20180516,850.29,2.26,40.19,0.54
20180517,855.62,2.27,40.38,0.54
20180518,869.45,2.30,41.04,0.53
20180521,872.96,2.31,41.15,0.53
20180523,869.16,2.30,41.03,0.53
20180524,873.32,2.31,41.23,0.53
20180525,868.35,2.30,41.02,0.53
20180528,879.69,2.33,41.57,0.53
20180529,870.08,2.31,41.11,0.53
20180530,874.22,2.32,41.32,0.53
20180531,879.66,2.34,41.59,0.52
20180601,883.22,2.35,41.76,0.52
20180604,877.44,2.33,41.47,0.53
20180605,877.16,2.29,43.30,0.53
20180607,887.91,2.32,43.86,0.52
20180608,878.48,2.30,43.37,0.53
20180611,876.55,2.30,43.29,0.53
20180612,875.04,2.29,43.03,0.53
20180614,864.56,2.26,42.51,0.53
20180615,866.22,2.27,42.61,0.53
20180618,840.23,2.20,41.29,0.55
20180619,815.39,2.13,40.07,0.57
20180620,840.17,2.20,41.25,0.55
20180621,826.22,2.16,40.57,0.56
20180622,830.27,2.17,40.80,0.55
20180625,836.00,2.19,41.11,0.55
20180626,831.40,2.18,40.91,0.55
20180627,826.69,2.17,40.48,0.56
20180628,810.20,2.18,42.80,0.56
20180629,818.22,2.20,43.22,0.55
20180702,789.82,2.12,41.71,0.57
20180703,795.71,2.14,42.09,0.57
20180704,799.10,2.15,42.33,0.57
20180705,794.05,2.14,42.11,0.57
20180706,808.89,2.18,42.79,0.56
20180709,808.28,2.18,42.72,0.56
20180710,813.19,2.19,43.06,0.56
20180711,804.78,2.16,42.47,0.56
20180712,819.29,2.20,43.14,0.56
20180713,827.89,2.22,43.66,0.55
20180716,825.71,2.22,43.63,0.55
20180717,819.72,2.21,43.45,0.55
20180718,810.44,2.19,43.02,0.56
20180719,796.49,2.15,42.42,0.57
20180720,791.61,2.14,42.13,0.57
20180723,756.96,2.04,40.21,0.60
20180724,761.57,2.06,40.48,0.59
20180725,748.89,2.02,39.84,0.60
20180726,765.15,2.07,40.73,0.59
20180727,773.98,2.09,41.12,0.58
20180730,769.80,2.08,40.83,0.59
20180731,775.52,2.10,41.16,0.58
20180801,790.25,2.14,42.01,0.57
20180802,781.38,2.12,41.54,0.58
20180803,788.81,2.14,41.92,0.57
20180806,781.41,2.11,41.51,0.58
20180807,784.70,2.13,41.71,0.57
20180808,783.81,2.12,41.62,0.57
20180809,789.48,2.14,41.95,0.57
20180810,784.81,2.13,41.70,0.57
20180813,755.65,2.05,40.12,0.60
20180814,761.94,2.07,40.51,0.59
20180816,761.18,2.06,40.01,0.59
20180817,772.30,2.09,40.59,0.58
20180820,769.78,2.09,40.44,0.58
20180821,787.15,2.14,41.42,0.57
20180822,785.95,2.13,41.31,0.57
20180823,791.28,2.14,41.58,0.57
20180824,798.23,2.17,41.93,0.56
20180827,801.04,2.18,42.12,0.56
20180828,798.17,2.17,41.96,0.56
20180829,803.18,2.18,42.20,0.56
20180830,804.47,2.19,42.25,0.56
20180831,816.97,2.22,42.87,0.55
20180903,816.84,2.22,42.85,0.55
20180904,827.27,2.25,43.45,0.54
20180905,820.00,2.23,43.05,0.55
20180906,815.18,2.21,42.80,0.55
20180907,818.86,2.22,42.83,0.55
20180910,816.16,2.14,46.06,0.55
20180911,820.23,2.16,46.44,0.55
20180912,826.33,2.18,46.73,0.54
20180913,830.95,2.19,46.98,0.54
20180914,834.91,2.20,47.25,0.54
20180917,828.88,2.19,46.93,0.54
20180918,831.85,2.18,47.24,0.54
20180919,826.91,2.17,46.98,0.54
20180920,821.13,2.15,46.61,0.54
20180921,827.84,2.17,46.98,0.54
20180927,833.01,2.18,47.22,0.54
20180928,822.27,2.17,46.73,0.54
20181001,816.53,2.15,46.41,0.55
20181002,794.99,2.09,44.97,0.56
20181004,789.00,2.08,44.63,0.56
20181005,773.70,2.04,43.68,0.57
20181008,767.15,2.02,43.29,0.58
20181010,747.50,1.97,42.16,0.60
20181011,707.38,1.86,39.91,0.63
20181012,731.50,1.93,41.30,0.61
20181015,718.87,1.90,40.57,0.62
20181016,731.50,1.93,41.32,0.61
20181017,739.15,1.95,41.57,0.60
20181018,731.34,1.93,41.14,0.61
20181019,740.48,1.96,41.68,0.60
20181022,744.15,1.97,41.88,0.60
20181023,719.00,1.90,40.46,0.62
20181024,699.30,1.85,39.36,0.63
20181025,686.84,1.82,38.55,0.65
20181026,663.07,1.75,37.20,0.67
20181029,629.70,1.67,35.38,0.70
20181030,644.14,1.71,36.20,0.69
20181031,648.67,1.71,36.23,0.69
20181101,657.46,1.73,36.67,0.68
20181102,690.65,1.83,38.85,0.64
20181105,691.94,1.83,38.90,0.64
20181106,691.55,1.83,38.89,0.64
20181107,682.37,1.81,38.38,0.65
20181108,693.67,1.84,39.02,0.64
20181109,687.29,1.82,38.66,0.64
20181112,670.82,1.78,37.78,0.66
20181113,670.85,1.78,37.79,0.66
20181114,671.56,1.78,37.83,0.66
20181115,681.38,1.81,38.40,0.65
20181116,690.18,1.83,38.89,0.64
20181119,702.13,1.87,39.57,0.63
20181120,690.81,1.84,38.93,0.64
20181121,695.72,1.85,39.19,0.64
20181122,692.39,1.84,39.06,0.64
20181123,683.06,1.82,38.54,0.65
20181126,695.36,1.85,39.25,0.63
20181127,700.67,1.86,39.55,0.63
20181128,700.12,1.86,39.53,0.63
20181129,695.48,1.85,39.37,0.63
20181130,695.76,1.86,39.33,0.63
20181203,709.46,1.89,40.11,0.62
20181204,708.63,1.89,40.06,0.62
20181205,701.12,1.87,39.64,0.63
20181206,678.38,1.81,38.35,0.65
20181207,685.33,1.75,40.89,0.64
20181210,670.39,1.72,39.97,0.65
20181211,661.01,1.69,39.41,0.66
20181212,676.48,1.73,42.01,0.65
20181213,681.78,1.74,42.36,0.64
20181214,666.34,1.70,41.41,0.66
20181217,661.90,1.69,41.16,0.66
20181218,659.67,1.69,41.01,0.66
20181219,672.08,1.72,41.81,0.65
20181220,668.13,1.72,42.28,0.65
20181221,673.64,1.73,42.66,0.65
20181224,669.79,1.72,42.35,0.65
20181226,665.74,1.72,42.28,0.65
20181227,667.88,1.72,42.44,0.65
20181228,675.65,1.74,42.94,0.64
20190102,669.37,1.73,42.52,0.65
20190103,657.02,1.69,41.73,0.66
20190104,664.49,1.71,42.21,0.65
20190107,672.84,1.74,42.75,0.65
20190108,668.49,1.72,42.48,0.65
20190109,679.74,1.75,43.14,0.64
20190110,683.34,1.76,43.37,0.63
20190111,686.33,1.77,43.56,0.63
20190114,683.09,1.76,43.36,0.63
20190115,690.39,1.78,43.83,0.63
20190116,693.38,1.79,44.02,0.63
20190117,686.35,1.77,43.57,0.63
20190118,696.34,1.80,44.22,0.62
20190121,695.62,1.80,44.18,0.62
20190122,694.55,1.79,44.12,0.62
20190123,695.63,1.80,44.20,0.62
20190124,704.41,1.82,44.77,0.61
20190125,711.38,1.84,45.22,0.61
20190128,714.26,1.85,45.40,0.61
20190129,710.99,1.84,44.83,0.61
20190130,715.30,1.85,45.10,0.61
20190131,716.86,1.86,45.15,0.60
20190201,716.92,1.86,45.16,0.60
20190207,728.79,1.89,45.97,0.59
20190208,728.74,1.89,45.96,0.59
20190211,733.47,1.90,46.27,0.59
20190212,730.58,1.90,46.05,0.59
20190213,739.91,1.92,46.65,0.58
20190214,742.27,1.93,46.81,0.58
20190215,738.66,1.92,46.59,0.58
20190218,745.33,1.94,46.67,0.58
20190219,748.05,1.94,46.85,0.58
20190220,750.69,1.95,47.23,0.57
20190221,747.33,1.95,47.16,0.57
20190222,743.38,1.94,46.90,0.58
20190225,750.40,1.96,47.35,0.57
20190226,747.09,1.95,47.13,0.58
20190227,752.16,1.96,47.45,0.57
20190228,731.25,1.91,46.13,0.59
20190304,748.07,1.95,47.19,0.57
20190305,747.95,1.95,47.18,0.57
20190306,746.70,1.95,47.20,0.57
20190307,736.83,1.93,46.36,0.58
20190308,735.97,1.93,46.31,0.58
20190311,739.09,1.94,46.46,0.58
20190312,754.76,1.98,47.91,0.57
20190313,754.89,1.98,47.93,0.57
20190314,755.42,1.98,47.96,0.57
20190315,748.36,1.96,47.53,0.57
20190318,753.13,1.97,47.59,0.57
20190319,748.91,1.96,47.13,0.57
20190320,749.76,1.97,46.64,0.57
20190321,743.52,1.95,45.74,0.57
20190322,743.97,1.96,44.45,0.57
20190325,727.21,1.91,43.44,0.58
20190326,736.81,1.94,44.03,0.58
20190327,728.45,1.92,43.52,0.58
20190328,719.72,1.90,42.99,0.59
20190329,729.31,1.92,43.26,0.58
20190401,736.81,1.94,43.66,0.57
20190402,739.57,1.95,43.74,0.57
20190403,749.30,1.98,44.33,0.56
20190404,751.58,1.98,44.50,0.56
20190405,751.71,1.98,44.50,0.56
20190408,751.92,1.99,44.53,0.56
20190409,756.81,2.00,44.81,0.56
20190410,760.15,2.01,44.92,0.56
20190411,766.49,2.02,45.30,0.55
20190412,767.85,2.03,45.38,0.55
20190415,766.75,2.02,45.04,0.55
20190416,765.02,2.02,44.95,0.55
20190417,766.89,2.03,45.44,0.54
20190418,753.52,2.00,44.66,0.55
20190419,762.57,2.02,45.21,0.55
20190422,762.01,2.02,45.18,0.55
20190423,761.42,2.02,45.16,0.55
20190424,757.82,2.01,44.94,0.55
20190425,750.43,1.99,44.50,0.55
20190426,741.00,1.97,43.92,0.56
20190429,750.60,1.99,44.51,0.55
20190430,754.74,2.00,44.77,0.55
20190502,760.38,2.00,50.09,0.59
20190503,761.82,2.00,50.19,0.59
20190507,753.45,1.98,49.54,0.60
20190508,745.37,1.96,49.00,0.60
20190509,724.22,1.90,47.59,0.62
20190510,722.62,1.90,47.49,0.62
20190513,708.80,1.86,46.51,0.63
20190514,710.16,1.86,46.62,0.63
20190515,729.60,1.91,47.92,0.62
20190516,717.59,1.88,47.13,0.63
20190517,714.13,1.87,46.69,0.64
20190520,702.08,1.84,45.91,0.65
20190521,703.98,1.85,46.05,0.64
20190522,706.93,1.85,46.26,0.64
20190523,696.89,1.83,45.59,0.65
20190524,690.03,1.81,45.13,0.66
20190527,689.67,1.81,45.12,0.66
20190528,702.76,1.84,45.99,0.64
20190529,691.47,1.80,46.38,0.65
20190530,689.33,1.80,46.25,0.65
20190531,696.47,1.82,46.74,0.65
20190603,697.50,1.79,49.85,0.65
20190604,702.53,1.81,50.22,0.64
20190605,707.75,1.82,50.61,0.64
20190607,716.53,1.84,51.29,0.63
20190610,721.14,1.85,51.67,0.62
20190611,728.79,1.87,52.12,0.62
20190612,724.32,1.86,51.80,0.62
20190613,726.68,1.87,52.13,0.62
20190614,722.25,1.86,51.80,0.62
20190617,719.13,1.85,51.57,0.62
20190618,714.86,1.84,51.26,0.63
20190619,717.71,1.85,51.47,0.63
20190620,727.32,1.87,52.19,0.62
20190621,722.64,1.86,51.86,0.62
20190624,717.69,1.85,51.27,0.63
20190625,710.02,1.83,50.73,0.63
20190626,709.37,1.83,50.60,0.63
20190627,698.21,1.80,49.79,0.64
20190628,690.53,1.78,49.26,0.65
20190701,696.00,1.80,49.68,0.65
20190702,696.25,1.80,49.66,0.64
20190703,693.04,1.79,49.43,0.65
20190704,691.27,1.79,49.32,0.65
20190705,694.17,1.79,49.39,0.65
20190708,668.72,1.73,47.54,0.67
20190709,657.80,1.70,46.62,0.68
20190710,666.90,1.72,47.28,0.67
20190711,677.09,1.75,48.02,0.66
20190712,681.17,1.76,48.25,0.66
20190715,674.79,1.75,47.77,0.66
20190716,674.42,1.75,47.76,0.66
20190717,666.28,1.73,47.07,0.67
20190718,665.15,1.72,47.08,0.67
20190719,674.06,1.75,47.72,0.66
20190722,674.78,1.75,47.27,0.66
20190723,668.65,1.74,46.84,0.67
20190724,659.83,1.71,46.23,0.68
20190725,652.40,1.69,45.69,0.68
20190726,644.59,1.67,45.13,0.69
20190729,618.78,1.61,43.38,0.72
20190730,625.64,1.63,43.96,0.71
20190731,630.18,1.64,44.33,0.70
20190801,622.26,1.62,43.48,0.71
20190802,615.70,1.61,43.00,0.72
20190805,569.79,1.49,39.63,0.78
20190806,551.50,1.44,38.29,0.80
20190807,564.64,1.47,39.23,0.79
20190808,585.44,1.53,40.70,0.76
20190809,590.04,1.54,41.02,0.75
20190812,594.17,1.55,41.32,0.74
20190813,590.75,1.54,41.08,0.75
20190814,597.15,1.56,41.55,0.74
20190816,591.57,1.55,40.18,0.75
20190819,594.65,1.56,40.20,0.75
20190820,607.01,1.59,41.07,0.73
20190821,615.96,1.62,41.66,0.72
20190822,612.25,1.61,41.39,0.72
20190823,608.98,1.60,41.15,0.73
20190826,582.91,1.53,39.35,0.76
20190827,588.32,1.54,39.73,0.75
20190828,602.90,1.58,40.74,0.73
20190829,599.57,1.58,40.53,0.74
20190830,610.55,1.60,41.11,0.72
20190902,619.81,1.63,41.75,0.71
20190903,620.02,1.63,41.76,0.71
20190904,629.31,1.62,44.89,0.70
20190905,632.99,1.63,45.16,0.70
20190906,631.15,1.62,45.01,0.70
20190909,625.77,1.61,44.64,0.71
20190910,623.25,1.60,44.46,0.71
20190911,630.37,1.62,45.32,0.70
20190916,638.59,1.64,45.92,0.69
20190917,644.28,1.66,46.33,0.69
20190918,645.12,1.66,46.39,0.68
20190919,645.71,1.66,46.44,0.68
20190920,649.07,1.67,46.69,0.68
20190923,645.01,1.66,46.76,0.68
20190924,641.85,1.65,46.53,0.69
20190925,626.76,1.61,45.39,0.70
20190926,628.42,1.62,45.52,0.70
20190927,626.93,1.61,45.41,0.70
20190930,621.76,1.60,45.06,0.71
20191001,632.10,1.63,45.87,0.70
20191002,624.51,1.61,45.31,0.70
20191004,621.84,1.60,45.11,0.71
20191007,627.21,1.62,45.52,0.70
20191008,635.41,1.64,46.14,0.69
20191010,634.73,1.64,46.07,0.69
20191011,632.95,1.63,45.94,0.69
20191014,641.46,1.66,46.58,0.69
20191015,646.80,1.67,46.98,0.68
20191016,651.96,1.69,47.36,0.67
20191017,649.29,1.68,47.17,0.68
20191018,646.69,1.67,47.09,0.68
20191021,649.18,1.68,47.26,0.68
20191022,655.91,1.70,47.76,0.67
20191023,658.98,1.71,47.97,0.67
20191024,658.75,1.71,47.95,0.67
20191025,652.37,1.69,47.47,0.67
20191028,652.42,1.69,47.49,0.67
20191029,658.30,1.71,47.93,0.67
20191030,655.04,1.70,47.72,0.67
20191031,658.52,1.71,47.99,0.67
20191101,662.34,1.72,48.29,0.66
20191104,668.45,1.74,48.75,0.66
20191105,672.18,1.75,49.04,0.65
20191106,669.68,1.74,48.87,0.65
20191107,666.15,1.73,48.52,0.66
20191108,664.60,1.73,48.35,0.66
20191111,661.37,1.72,48.13,0.66
20191112,665.14,1.73,48.48,0.66
20191113,661.85,1.73,48.23,0.66
20191114,663.31,1.73,48.35,0.66
20191115,668.51,1.75,48.97,0.65
20191118,669.34,1.75,49.05,0.65
20191119,662.53,1.73,48.55,0.66
20191120,649.87,1.70,47.62,0.67
20191121,635.99,1.66,46.51,0.68
20191122,633.92,1.66,46.37,0.69
20191125,647.40,1.70,47.59,0.67
20191126,651.59,1.71,47.90,0.67
20191127,647.39,1.70,47.68,0.67
20191128,640.18,1.68,47.16,0.68
20191129,632.99,1.66,46.62,0.68
20191202,634.50,1.67,46.81,0.68
20191203,629.58,1.61,44.33,0.68
20191204,625.27,1.60,44.01,0.69
20191205,617.60,1.58,43.47,0.70
20191206,628.10,1.61,44.24,0.69
20191209,627.86,1.61,44.32,0.69
20191210,627.11,1.61,44.26,0.69
20191211,629.13,1.61,44.37,0.68
20191212,636.94,1.63,45.03,0.68
20191213,643.45,1.65,45.96,0.67
20191216,644.44,1.65,45.72,0.67
20191217,650.58,1.67,46.18,0.66
20191218,648.95,1.67,46.09,0.66
20191219,647.85,1.67,46.02,0.66
20191220,649.73,1.67,46.61,0.66
20191223,647.62,1.67,46.92,0.66
20191224,638.91,1.65,46.29,0.67
20191226,652.07,1.68,47.20,0.66
20191227,661.24,1.71,47.71,0.65
20191230,669.83,1.73,48.35,0.64
20200102,674.02,1.74,48.65,0.63
20200103,669.93,1.73,48.35,0.64
20200106,655.31,1.69,47.27,0.65
20200107,663.44,1.71,47.88,0.64
20200108,640.94,1.65,46.24,0.67
20200109,666.09,1.72,48.09,0.64
20200110,673.03,1.74,48.61,0.63
20200113,679.22,1.76,49.07,0.63
20200114,678.71,1.75,49.05,0.63
20200115,679.16,1.76,49.09,0.63
20200116,686.52,1.78,49.54,0.62
20200117,688.41,1.78,49.70,0.62
20200120,683.47,1.77,49.34,0.62
20200121,676.52,1.75,48.84,0.63
20200122,688.25,1.78,49.70,0.62
20200123,685.57,1.78,49.52,0.62
20200128,664.70,1.72,48.01,0.64
20200129,670.18,1.74,48.42,0.64
20200130,656.39,1.70,47.41,0.65
20200131,642.48,1.66,46.39,0.66
20200203,646.85,1.68,46.72,0.66
20200204,661.24,1.71,47.79,0.64
20200205,661.32,1.71,47.80,0.64
20200206,672.69,1.74,48.64,0.63
20200207,672.63,1.74,48.64,0.63
20200210,676.07,1.75,48.90,0.63
20200211,682.34,1.77,49.36,0.62
20200212,686.59,1.78,49.68,0.62
20200213,687.61,1.79,49.17,0.62
20200214,688.91,1.79,49.27,0.62
20200217,692.59,1.80,49.55,0.61
20200218,682.92,1.77,48.85,0.62
20200219,684.78,1.78,48.98,0.62
20200220,681.66,1.77,48.76,0.62
20200221,667.99,1.74,47.84,0.64
20200224,639.29,1.66,45.75,0.66
20200225,656.95,1.71,46.76,0.65
20200226,654.63,1.70,46.59,0.65
20200227,638.17,1.66,45.41,0.67
20200228,610.73,1.59,43.43,0.70
20200302,627.66,1.63,44.77,0.68
20200303,626.82,1.63,44.71,0.68
20200304,641.73,1.67,45.91,0.66
20200305,650.19,1.70,46.39,0.65
20200306,642.72,1.68,45.85,0.66
20200309,614.60,1.60,43.82,0.69
20200310,619.97,1.62,44.22,0.68
20200311,595.61,1.55,42.58,0.71
20200312,563.49,1.47,40.17,0.75
20200313,524.00,1.36,37.27,0.81
20200316,504.51,1.31,35.77,0.84
20200317,514.73,1.34,36.55,0.82
20200318,485.14,1.26,34.22,0.87
20200319,428.35,1.11,30.00,0.99
20200320,467.75,1.21,31.89,0.91
20200323,443.76,1.15,30.14,0.96
20200324,480.40,1.25,31.79,0.89
20200325,505.68,1.32,33.49,0.84
20200326,516.61,1.35,34.19,0.83
20200327,522.83,1.36,34.57,0.81
20200330,542.11,1.41,35.60,0.79
20200331,569.07,1.49,37.25,0.75
20200401,551.84,1.44,36.08,0.77
20200402,567.70,1.48,37.15,0.75
20200403,573.01,1.50,37.29,0.74
20200406,597.21,1.56,38.82,0.71
20200407,606.90,1.59,39.47,0.70
20200408,607.37,1.59,39.50,0.70
20200409,615.95,1.61,40.07,0.69
20200410,611.26,1.60,39.77,0.69
20200413,596.71,1.56,38.78,0.71
20200414,610.29,1.60,39.68,0.70
20200416,623.43,1.63,40.55,0.68
20200417,634.79,1.67,41.37,0.67
20200420,637.82,1.68,41.59,0.66
20200421,628.77,1.65,41.01,0.67
20200422,635.16,1.67,41.43,0.67
20200423,643.79,1.69,42.02,0.66
20200424,632.96,1.67,41.31,0.67
20200427,646.86,1.70,42.25,0.65
20200428,644.93,1.70,42.13,0.66
20200429,645.18,1.70,42.16,0.65
20200504,641.91,1.68,46.37,0.71
20200506,658.40,1.72,47.59,0.69
20200507,668.17,1.75,48.31,0.68
20200508,682.30,1.78,49.35,0.67
20200511,685.04,1.79,49.58,0.66
20200512,684.21,1.79,49.52,0.67
20200513,691.53,1.81,50.08,0.66
20200514,690.57,1.81,50.02,0.66
20200515,691.93,1.81,50.13,0.66
20200518,690.85,1.81,51.12,0.66
20200519,696.36,1.83,51.54,0.65
20200520,708.76,1.86,52.48,0.64
20200521,716.02,1.88,53.03,0.63
20200522,708.58,1.86,52.25,0.64
20200525,719.89,1.89,53.09,0.63
20200526,729.11,1.92,53.79,0.62
20200527,724.59,1.90,53.46,0.63
20200528,708.75,1.86,52.27,0.64
20200529,713.68,1.87,52.65,0.64
20200601,735.72,1.93,54.31,0.62
20200602,743.58,1.95,54.90,0.61
20200603,737.66,1.92,58.37,0.61
20200604,742.37,1.94,58.75,0.61
20200605,749.31,1.96,59.32,0.60
20200608,753.04,1.97,59.65,0.60
20200609,753.82,1.97,60.38,0.60
20200610,758.62,1.98,60.76,0.60
20200611,757.06,1.98,60.64,0.60
20200612,746.06,1.95,59.76,0.61
20200615,693.15,1.81,55.47,0.65
20200616,735.38,1.92,58.82,0.61
20200617,735.40,1.92,58.83,0.61
20200618,737.33,1.93,59.65,0.61
20200619,742.03,1.94,60.00,0.61
20200622,751.64,1.96,59.17,0.60
20200623,753.23,1.97,59.25,0.60
20200624,759.50,1.99,59.99,0.59
20200625,750.36,1.96,59.26,0.60
20200626,750.58,1.97,59.45,0.60
20200629,734.69,1.92,58.20,0.61
20200630,737.97,1.93,58.48,0.61
20200701,727.58,1.91,57.64,0.62
20200702,742.55,1.95,58.86,0.61
20200703,752.18,1.97,59.68,0.60
20200706,759.90,2.00,60.28,0.59
20200707,759.16,2.00,60.08,0.59
20200708,765.96,2.01,60.63,0.59
20200709,772.90,2.03,61.19,0.58
20200710,772.81,2.03,61.09,0.58
20200713,781.19,2.06,61.79,0.58
20200714,778.39,2.05,61.57,0.58
20200715,781.29,2.06,61.80,0.57
20200716,775.07,2.04,61.26,0.58
20200717,783.22,2.07,61.90,0.57
20200720,781.96,2.06,61.81,0.57
20200721,790.58,2.09,62.50,0.57
20200722,794.99,2.10,62.88,0.56
20200723,801.69,2.12,63.62,0.56
20200724,794.80,2.10,63.11,0.56
20200727,801.23,2.12,63.66,0.56
20200728,807.85,2.14,64.04,0.55
20200729,808.59,2.14,64.10,0.55
20200730,814.19,2.16,64.52,0.55
20200731,815.30,2.16,64.58,0.55
20200803,827.57,2.20,65.50,0.54
20200804,835.35,2.22,66.13,0.53
20200805,847.28,2.25,67.11,0.52
20200806,854.12,2.26,67.40,0.52
20200807,857.63,2.26,67.42,0.52
20200810,862.76,2.28,68.05,0.52
20200811,860.23,2.27,67.84,0.52
20200812,845.60,2.23,66.66,0.53
20200813,854.77,2.26,67.38,0.52
20200814,835.03,2.21,65.79,0.53
20200818,800.22,2.12,62.01,0.56
20200819,818.74,2.17,63.50,0.54
20200820,791.14,2.10,61.34,0.56
20200821,796.01,2.11,61.72,0.56
20200824,815.74,2.16,63.34,0.55
20200825,836.31,2.22,64.90,0.53
20200826,841.35,2.23,65.30,0.53
20200827,836.40,2.22,64.94,0.53
20200828,841.30,2.23,65.36,0.53
20200831,848.24,2.25,65.93,0.52
20200901,853.37,2.27,66.23,0.52
20200902,866.74,2.30,67.30,0.51
20200903,874.13,2.33,67.90,0.51
20200904,866.04,2.30,67.28,0.51
20200907,878.88,2.34,68.28,0.51
20200908,878.29,2.34,68.25,0.51
20200909,869.47,2.31,67.55,0.51
20200910,884.30,2.33,75.10,0.50
20200911,888.44,2.36,76.35,0.49
20200914,894.17,2.38,76.85,0.49
20200915,899.46,2.39,77.37,0.49
20200916,896.28,2.39,77.12,0.49
20200917,885.18,2.36,76.27,0.49
20200918,888.88,2.37,76.28,0.49
20200921,866.99,2.31,74.32,0.50
20200922,842.72,2.25,70.71,0.52
20200923,843.45,2.25,70.83,0.52
20200924,806.95,2.15,67.24,0.54
20200925,808.28,2.15,67.21,0.54
20200928,835.91,2.23,69.56,0.52
20200929,848.15,2.26,70.63,0.51
20201005,858.39,2.29,71.51,0.51
20201006,862.58,2.30,71.85,0.50
20201007,869.66,2.32,72.43,0.50
20201008,871.62,2.33,72.61,0.50
20201012,873.50,2.33,72.85,0.50
20201013,871.92,2.33,72.68,0.50
20201014,861.48,2.30,71.82,0.51
20201015,844.44,2.26,70.39,0.52
20201016,833.84,2.23,69.52,0.52
20201019,822.25,2.20,68.56,0.53
20201020,824.65,2.20,68.86,0.53
20201021,830.67,2.22,69.40,0.52
20201022,812.70,2.17,67.87,0.53
20201023,807.98,2.16,67.71,0.54
20201026,778.02,2.08,65.18,0.56
20201027,783.73,2.10,65.67,0.55
20201028,806.20,2.16,67.62,0.54
20201029,813.93,2.18,68.34,0.53
20201030,792.65,2.12,66.60,0.55
20201102,802.95,2.15,67.38,0.54
20201103,818.46,2.20,68.71,0.53
20201104,826.97,2.22,69.44,0.52
20201105,844.80,2.27,70.98,0.51
20201106,836.78,2.25,70.30,0.52
20201109,851.21,2.29,71.49,0.51
20201110,840.79,2.26,70.61,0.51
20201111,839.90,2.26,70.56,0.51
20201112,840.08,2.26,70.59,0.51
20201113,839.14,2.26,70.56,0.51
20201116,847.33,2.28,71.25,0.51
20201117,839.47,2.26,70.59,0.51
20201118,851.74,2.29,71.65,0.51
20201119,859.94,2.32,73.20,0.50
20201120,870.18,2.35,74.10,0.49
20201123,873.29,2.36,74.28,0.49
20201124,872.10,2.36,74.21,0.49
20201125,865.12,2.34,73.63,0.50
20201126,874.53,2.37,74.45,0.49
20201127,885.56,2.40,75.26,0.48
20201130,886.11,2.40,75.33,0.48
20201201,891.29,2.42,75.81,0.48
20201202,899.34,2.44,76.53,0.48
20201203,907.61,2.46,77.18,0.47
20201204,913.76,2.48,77.63,0.47
20201207,926.88,2.52,78.95,0.46
20201208,906.84,2.47,77.22,0.47
20201209,913.81,2.48,77.80,0.47
20201210,921.70,2.51,79.73,0.46
20201211,928.44,2.42,58.79,0.46
20201214,929.54,2.42,58.88,0.46
20201215,931.27,2.43,58.96,0.46
20201216,939.65,2.45,59.51,0.45
20201217,944.04,2.46,59.80,0.45
20201218,947.24,2.47,59.90,0.45
20201221,953.58,2.49,60.33,0.44
20201222,928.73,2.43,58.88,0.45
20201223,923.17,2.42,58.60,0.46
20201224,928.68,2.44,59.96,0.45
20201228,927.00,2.44,59.88,0.45
20201229,957.41,2.52,61.85,0.44
20201230,968.42,2.55,62.68,0.43
20210104,977.62,2.57,63.29,0.43
20210105,985.76,2.60,63.83,0.43
20210106,981.39,2.58,63.55,0.43
20210107,988.86,2.60,64.05,0.42
20210108,987.79,2.60,64.00,0.42
20210111,976.63,2.57,63.28,0.43
20210112,973.72,2.57,63.09,0.43
20210113,979.13,2.58,63.46,0.43
20210114,980.29,2.58,63.53,0.43
20210115,964.44,2.54,62.50,0.43
20210118,944.67,2.49,61.21,0.44
20210119,957.75,2.52,62.08,0.44
20210120,977.66,2.58,63.40,0.43
20210121,981.40,2.59,63.65,0.43
20210122,979.98,2.59,63.61,0.43
20210125,999.30,2.64,64.89,0.42
20210126,994.00,2.63,64.54,0.42
20210127,985.92,2.60,64.02,0.42
20210128,961.23,2.54,62.35,0.44
20210129,928.73,2.46,60.26,0.45
20210201,956.92,2.53,62.15,0.44
20210202,963.81,2.55,62.61,0.43
20210203,970.69,2.57,63.07,0.43
20210204,964.58,2.56,62.83,0.43
20210205,967.42,2.57,63.03,0.43
20210208,960.78,2.55,62.58,0.43
20210209,957.85,2.54,62.39,0.44
20210210,964.31,2.56,62.83,0.43
20210215,981.97,2.61,63.99,0.42
20210216,977.74,2.60,63.72,0.43
20210217,979.77,2.60,63.96,0.42
20210218,967.42,2.57,63.03,0.43
20210219,965.11,2.56,62.89,0.43
20210222,954.29,2.53,62.17,0.44
20210223,936.60,2.49,61.02,0.44
20210224,906.31,2.41,59.02,0.46
20210225,936.21,2.49,61.04,0.44
20210226,913.94,2.43,59.55,0.45
20210302,923.17,2.46,60.32,0.45
20210303,930.80,2.48,60.84,0.45
20210304,926.20,2.47,60.53,0.45
20210305,923.48,2.46,60.35,0.45
20210308,904.77,2.41,59.12,0.46
20210309,896.36,2.39,58.56,0.46
20210310,890.07,2.37,58.18,0.47
20210311,908.01,2.42,59.38,0.46
20210312,925.49,2.48,60.93,0.45
20210315,926.90,2.48,61.13,0.45
20210316,940.65,2.52,61.97,0.44
20210317,943.78,2.53,62.18,0.44
20210318,949.83,2.54,62.45,0.43
20210319,952.11,2.55,62.96,0.43
20210322,955.38,2.56,63.12,0.43
20210323,946.31,2.54,61.80,0.44
20210324,953.82,2.57,60.88,0.43
20210325,954.99,2.57,61.03,0.43
20210326,956.70,2.58,61.07,0.43
20210329,954.10,2.57,61.06,0.43
20210330,958.06,2.59,60.37,0.43
20210331,956.17,2.58,59.24,0.43
20210401,965.78,2.61,59.84,0.43
20210402,970.09,2.62,60.16,0.43
20210405,969.77,2.62,60.17,0.43
20210406,968.63,2.62,60.09,0.43
20210407,973.22,2.63,60.39,0.42
20210408,982.02,2.66,60.30,0.42
20210409,989.39,2.68,60.76,0.42
20210412,1000.65,2.71,61.47,0.41
20210413,1010.37,2.74,62.08,0.41
20210414,1014.42,2.75,62.33,0.41
20210415,1013.90,2.75,62.31,0.41
20210416,1021.62,2.77,62.79,0.40
20210419,1029.46,2.80,63.71,0.40
20210420,1031.88,2.80,63.87,0.40
20210421,1022.22,2.78,63.26,0.40
20210422,1025.71,2.79,63.36,0.40
20210423,1026.82,2.79,63.45,0.40
20210426,1030.06,2.80,63.66,0.40
20210427,1021.01,2.78,63.09,0.40
20210428,998.27,2.72,61.67,0.41
20210429,990.69,2.70,61.09,0.42
20210430,983.45,2.68,60.66,0.42
20210503,961.81,2.53,53.64,0.47
20210504,967.20,2.55,53.96,0.47
20210506,969.99,2.55,54.13,0.47
20210507,978.30,2.58,54.61,0.46
20210510,992.80,2.62,55.46,0.46
20210511,978.61,2.58,54.77,0.46
20210512,967.10,2.55,54.12,0.47
20210513,951.77,2.51,53.26,0.47
20210514,966.72,2.55,54.12,0.47
20210517,962.50,2.54,53.62,0.47
20210518,969.10,2.57,53.52,0.47
20210520,971.13,2.57,53.64,0.46
20210521,965.63,2.56,53.35,0.47
20210524,948.37,2.51,52.53,0.48
20210525,962.07,2.55,53.31,0.47
20210526,966.06,2.56,53.54,0.47
20210527,974.08,2.59,54.15,0.46
20210528,977.46,2.59,54.34,0.46
20210531,981.78,2.60,54.49,0.46
20210601,984.59,2.61,54.66,0.46
20210602,981.10,2.60,54.48,0.46
20210603,990.19,2.55,43.13,0.45
20210604,987.58,2.55,43.02,0.46
20210607,985.86,2.54,42.95,0.46
20210608,986.12,2.54,42.97,0.46
20210609,978.79,2.52,42.64,0.46
20210610,987.77,2.54,42.78,0.45
20210611,991.13,2.55,42.93,0.45
20210614,997.41,2.57,43.16,0.45
20210615,997.37,2.57,43.21,0.45
20210616,998.49,2.57,43.27,0.45
20210617,1003.72,2.59,43.56,0.45
20210618,1015.88,2.62,44.11,0.44
20210621,1010.99,2.61,43.89,0.44
20210622,1011.56,2.61,43.91,0.44
20210623,1016.46,2.63,44.09,0.44
20210624,1012.62,2.62,43.93,0.44
20210625,1012.13,2.61,43.90,0.44
20210628,1017.91,2.63,44.26,0.44
20210629,1022.52,2.64,44.34,0.44
20210630,1029.96,2.66,44.68,0.43
20210701,1035.64,2.68,44.93,0.43
20210702,1038.18,2.68,45.05,0.43
20210705,1047.33,2.71,45.45,0.43
20210706,1044.96,2.70,45.41,0.43
20210707,1047.36,2.71,45.52,0.43
20210708,1034.48,2.68,44.95,0.43
20210709,1028.93,2.66,44.73,0.43
20210712,1034.64,2.68,44.97,0.43
20210713,1043.31,2.70,45.37,0.43
20210714,1044.98,2.71,45.50,0.43
20210715,1054.31,2.73,45.91,0.42
20210716,1051.98,2.74,46.36,0.41
20210719,1049.83,2.73,46.24,0.41
20210720,1043.64,2.72,45.90,0.42
20210721,1042.03,2.71,45.83,0.42
20210722,1050.25,2.74,46.20,0.41
20210723,1055.50,2.75,46.61,0.41
20210726,1047.63,2.73,46.24,0.41
20210727,1046.55,2.73,46.20,0.41
20210728,1035.68,2.70,45.81,0.42
20210729,1044.13,2.72,46.17,0.41
20210730,1031.14,2.69,45.60,0.42
20210802,1037.80,2.71,45.92,0.42
20210803,1036.11,2.70,45.85,0.42
20210804,1047.93,2.74,46.40,0.41
20210805,1059.54,2.77,46.92,0.41
20210806,1059.80,2.77,46.94,0.41
20210809,1060.00,2.76,46.98,0.40
20210810,1052.07,2.74,46.78,0.41
20210811,1051.92,2.74,46.75,0.41
20210812,1054.09,2.74,46.87,0.41
20210813,1040.78,2.71,46.28,0.41
20210817,1011.05,2.63,44.98,0.42
20210818,1021.08,2.66,45.21,0.42
20210819,991.15,2.59,43.89,0.43
20210820,967.90,2.53,42.93,0.44
20210823,993.18,2.60,44.09,0.43
20210824,1013.18,2.65,45.01,0.42
20210825,1017.78,2.66,45.20,0.42
20210826,1020.44,2.68,45.45,0.42
20210827,1023.51,2.68,45.58,0.41
20210830,1031.84,2.70,45.95,0.41
20210831,1038.33,2.72,46.25,0.41
20210901,1045.98,2.74,46.60,0.41
20210902,1047.19,2.75,46.67,0.40
20210903,1053.85,2.77,46.97,0.40
20210906,1052.96,2.76,46.95,0.40
20210907,1054.43,2.77,47.02,0.40
20210908,1037.22,2.72,46.24,0.41
20210909,1034.62,2.60,37.33,0.41
20210910,1037.91,2.61,37.46,0.41
20210913,1026.34,2.58,37.06,0.41
20210914,1037.74,2.61,37.48,0.41
20210915,1042.79,2.62,37.67,0.40
20210916,1039.43,2.61,37.58,0.41
20210917,1046.12,2.63,37.83,0.40
20210923,1036.26,2.61,37.38,0.41
20210924,1037.03,2.61,37.41,0.41
20210927,1034.82,2.60,37.33,0.41
20210928,1012.51,2.55,36.53,0.42
20210929,1001.46,2.52,36.18,0.42
20210930,1003.27,2.53,36.25,0.42
20211001,983.20,2.48,35.51,0.43
20211005,955.37,2.41,34.52,0.44
20211006,922.36,2.32,33.32,0.46
20211007,953.43,2.40,34.46,0.44
20211008,953.11,2.40,34.46,0.44
20211012,940.15,2.37,33.97,0.45
20211013,953.47,2.41,34.46,0.44
20211014,983.43,2.48,35.51,0.43
20211015,990.54,2.50,35.79,0.42
20211018,993.86,2.51,35.91,0.42
20211019,1005.35,2.54,36.34,0.42
20211020,1001.62,2.53,36.21,0.42
20211021,993.70,2.51,35.92,0.42
20211022,995.07,2.52,35.91,0.42
20211025,994.31,2.52,35.96,0.42
20211026,1011.76,2.56,36.61,0.41
20211027,1008.95,2.56,36.51,0.41
20211028,1000.13,2.54,36.23,0.42
20211029,992.33,2.52,35.92,0.42
20211101,998.57,2.54,36.12,0.42
20211102,1009.44,2.57,36.62,0.41
20211103,1005.00,2.56,36.46,0.41
20211104,1001.43,2.55,36.35,0.42
20211105,1001.35,2.55,36.37,0.42
20211108,1002.50,2.55,36.41,0.41
20211109,1008.68,2.57,36.69,0.41
20211110,987.75,2.52,35.92,0.42
20211111,992.65,2.54,36.27,0.42
20211112,1009.07,2.58,36.88,0.41
20211115,1029.03,2.64,37.63,0.40
20211116,1035.46,2.65,37.86,0.40
20211117,1031.26,2.64,37.62,0.40
20211118,1032.77,2.65,37.70,0.40
20211119,1041.92,2.67,38.11,0.40
20211122,1032.31,2.65,37.75,0.40
20211123,1013.72,2.60,37.08,0.41
20211124,1020.13,2.62,37.40,0.40
20211125,1015.66,2.61,37.24,0.41
20211126,1005.89,2.59,36.88,0.41
20211129,992.34,2.55,36.36,0.42
20211130,965.63,2.48,35.38,0.43
20211201,977.15,2.51,35.81,0.42
20211202,977.43,2.51,35.83,0.42
20211203,998.47,2.57,36.62,0.41
20211206,991.87,2.55,36.37,0.42
20211207,996.64,2.56,36.57,0.41
20211208,1006.04,2.59,36.93,0.41
20211209,1022.87,2.63,37.56,0.40
20211210,1011.57,2.61,37.16,0.41
20211213,1005.96,2.45,37.35,0.41
20211214,1002.81,2.45,37.23,0.41
20211215,1003.52,2.45,37.27,0.41
20211216,1007.86,2.46,37.44,0.41
20211217,1001.26,2.44,37.12,0.41
20211220,990.51,2.42,36.72,0.42
20211221,996.60,2.43,36.95,0.42
20211222,1000.13,2.44,37.08,0.41
20211223,1003.31,2.45,37.21,0.41
20211224,1007.42,2.46,37.37,0.41
20211227,1011.36,2.45,37.81,0.41
20211228,1027.44,2.49,38.43,0.40
20211229,1028.05,2.50,38.45,0.40
20211230,1033.98,2.51,38.67,0.40
20220103,1037.83,2.52,38.82,0.39
20220104,1031.66,2.51,38.59,0.40
20220105,1009.62,2.45,37.81,0.41
20220106,980.30,2.38,36.71,0.42
20220107,995.16,2.42,37.28,0.41
20220110,980.38,2.38,36.72,0.42
20220111,969.92,2.36,36.32,0.42
20220112,991.33,2.41,37.14,0.41
20220113,983.25,2.39,36.84,0.42
20220114,971.39,2.36,36.39,0.42
20220117,957.90,2.33,35.88,0.43
20220118,943.94,2.30,35.35,0.43
20220119,933.90,2.27,34.98,0.44
20220120,958.70,2.33,35.92,0.43
20220121,942.85,2.29,35.33,0.43
20220124,915.40,2.23,34.28,0.45
20220125,889.44,2.17,33.39,0.46
20220126,882.09,2.15,33.10,0.46
20220127,849.23,2.07,31.85,0.48
20220128,872.87,2.13,32.76,0.47
20220203,891.60,2.17,33.48,0.46
20220204,902.87,2.20,33.91,0.45
20220207,899.40,2.19,33.82,0.45
20220208,895.27,2.18,33.68,0.46
20220209,910.53,2.22,34.27,0.45
20220210,895.68,2.19,33.71,0.45
20220211,877.42,2.14,33.02,0.46
20220214,852.79,2.08,32.08,0.48
20220215,839.92,2.05,31.59,0.49
20220216,878.15,2.14,33.05,0.46
20220217,874.22,2.13,32.87,0.47
20220218,881.71,2.14,33.34,0.46
20220221,884.25,2.15,33.44,0.46
20220222,868.11,2.11,32.84,0.47
20220223,877.33,2.14,33.20,0.46
20220224,848.21,2.06,32.10,0.48
20220225,872.98,2.13,33.09,0.47
20220228,881.07,2.15,33.37,0.46
20220302,895.45,2.19,33.97,0.45
20220303,912.32,2.23,34.63,0.44
20220304,900.96,2.20,34.24,0.45
20220307,881.54,2.15,33.49,0.46
20220308,870.14,2.13,33.05,0.47
20220310,889.08,2.17,33.79,0.46
20220311,891.71,2.18,33.85,0.45
20220314,872.44,2.13,33.10,0.47
20220315,871.22,2.13,33.02,0.47
20220316,891.80,2.18,34.17,0.45
20220317,914.13,2.24,35.15,0.44
20220318,922.96,2.26,35.54,0.44
20220321,918.40,2.25,35.32,0.44
20220322,924.67,2.27,35.41,0.44
20220323,930.57,2.29,35.26,0.43
20220324,931.75,2.30,34.94,0.43
20220325,934.69,2.30,35.07,0.43
20220328,927.11,2.29,34.68,0.43
20220329,937.83,2.32,35.18,0.43
20220330,939.07,2.32,35.12,0.43
20220331,944.53,2.33,35.14,0.43
20220401,940.57,2.32,34.91,0.43
20220404,947.32,2.34,35.18,0.43
20220405,952.47,2.36,35.38,0.42
20220406,943.13,2.33,35.01,0.43
20220407,927.95,2.29,34.44,0.43
20220408,934.73,2.31,34.69,0.43
20220411,921.83,2.28,34.20,0.44
20220412,913.82,2.26,33.91,0.44
20220413,927.31,2.29,34.43,0.43
20220414,928.01,2.29,34.46,0.43
20220415,924.44,2.28,34.33,0.44
20220418,918.23,2.27,34.25,0.44
20220419,931.56,2.31,34.77,0.43
20220420,928.93,2.30,34.67,0.43
20220421,929.68,2.30,34.71,0.43
20220422,922.78,2.28,34.45,0.44
20220425,899.84,2.23,33.57,0.45
20220426,911.16,2.26,34.00,0.44
20220427,896.18,2.22,33.43,0.45
20220428,892.22,2.21,33.28,0.45
20220429,904.75,2.24,33.79,0.44
20220502,901.82,2.13,28.46,0.59
20220503,907.57,2.15,28.64,0.59
20220504,900.06,2.13,28.41,0.59
20220506,884.22,2.09,27.90,0.60
20220509,860.84,2.04,27.19,0.62
20220510,856.14,2.03,27.04,0.62
20220511,866.34,2.05,27.37,0.62
20220512,833.66,1.97,26.32,0.64
20220513,853.08,2.02,26.95,0.62
20220516,856.25,2.03,27.15,0.62
20220517,865.98,2.05,27.44,0.61
20220518,871.57,2.07,27.62,0.61
20220519,863.80,2.05,27.37,0.62
20220520,879.88,2.08,27.90,0.61
20220523,883.59,2.09,28.03,0.60
20220524,865.07,2.05,27.44,0.62
20220525,872.69,2.07,27.67,0.61
20220526,871.43,2.07,27.62,0.61
20220527,873.97,2.07,27.71,0.61
20220530,886.44,2.10,28.11,0.60
20220531,893.36,2.12,28.34,0.60
20220602,891.14,2.11,28.27,0.60
20220603,891.51,2.11,28.28,0.60
20220607,873.78,2.07,27.71,0.61
20220608,874.95,2.08,27.76,0.61
20220609,877.18,2.04,27.58,0.61
20220610,869.86,2.02,27.35,0.61
20220613,828.77,1.93,26.03,0.64
20220614,823.58,1.91,25.87,0.65
20220615,799.41,1.86,25.09,0.67
20220616,802.15,1.86,25.20,0.66
20220617,798.69,1.86,25.08,0.67
20220620,769.92,1.79,24.19,0.69
20220621,778.30,1.81,24.46,0.68
20220622,746.96,1.74,23.39,0.71
20220623,714.38,1.66,22.35,0.74
20220624,750.30,1.74,23.48,0.71
20220627,770.60,1.79,24.21,0.69
20220628,769.51,1.79,24.17,0.69
20220629,762.35,1.78,23.94,0.70
20220630,745.44,1.73,23.40,0.71
20220701,729.48,1.70,22.89,0.73
20220704,722.73,1.68,22.73,0.73
20220705,750.95,1.75,23.64,0.70
20220706,744.63,1.74,23.45,0.71
20220707,757.97,1.77,23.88,0.70
20220708,766.48,1.79,24.16,0.69
20220711,767.04,1.79,24.15,0.69
20220712,750.78,1.75,23.63,0.70
20220713,763.18,1.78,24.03,0.69
20220714,766.08,1.79,24.12,0.69
20220715,762.39,1.78,24.02,0.69
20220718,776.72,1.82,24.48,0.68
20220719,782.33,1.83,24.66,0.67
20220720,790.72,1.85,24.93,0.67
20220721,795.15,1.86,25.08,0.66
20220722,789.75,1.85,25.07,0.67
20220725,789.69,1.85,25.07,0.67
20220726,789.93,1.85,25.08,0.67
20220727,795.70,1.87,25.27,0.66
20220728,798.32,1.87,25.36,0.66
20220729,803.62,1.89,25.73,0.65
20220801,807.61,1.90,25.86,0.65
20220802,804.34,1.89,25.75,0.65
20220803,815.36,1.92,26.11,0.64
20220804,825.16,1.94,26.44,0.63
20220805,831.64,1.96,26.66,0.63
20220808,830.86,1.96,26.64,0.63
20220809,833.65,1.96,26.73,0.63
20220810,820.27,1.93,26.30,0.64
20220811,832.15,1.96,26.69,0.63
20220812,831.63,1.96,26.68,0.63
20220816,834.74,1.97,26.87,0.62
20220817,827.42,1.96,26.66,0.63
20220818,826.06,1.96,26.62,0.63
20220819,814.17,1.93,26.23,0.64
20220822,795.87,1.88,25.64,0.66
20220823,783.42,1.85,25.23,0.67
20220824,793.14,1.88,25.63,0.66
20220825,807.37,1.91,26.11,0.65
20220826,802.45,1.90,25.95,0.65
20220829,779.89,1.85,25.20,0.67
20220830,797.02,1.89,25.78,0.65
20220831,807.04,1.91,26.11,0.65
20220901,788.32,1.87,25.51,0.66
20220902,785.88,1.86,25.44,0.66
20220905,771.43,1.83,24.96,0.68
20220906,779.46,1.85,25.23,0.67
20220907,768.19,1.82,24.86,0.68
20220908,777.81,1.85,25.22,0.67
20220913,796.79,1.89,25.85,0.65
20220914,782.93,1.86,25.38,0.67
20220915,781.38,1.85,25.34,0.67
20220916,770.04,1.77,25.27,0.68
20220919,751.91,1.73,24.66,0.69
20220920,760.35,1.75,24.95,0.68
20220921,754.89,1.73,24.77,0.69
20220922,751.41,1.73,24.65,0.69
20220923,729.36,1.68,23.81,0.71
20220926,692.37,1.59,22.58,0.75
20220927,698.11,1.60,22.82,0.75
20220928,673.87,1.55,21.96,0.77
20220929,675.07,1.55,22.00,0.77
20220930,672.65,1.55,21.93,0.77
20221004,696.79,1.60,22.38,0.75
20221005,685.34,1.58,22.01,0.76
20221006,706.01,1.63,22.70,0.74
20221007,698.49,1.61,22.45,0.75
20221011,669.50,1.54,21.48,0.78
20221012,671.67,1.55,21.56,0.78
20221013,651.59,1.50,20.93,0.80
20221014,678.24,1.56,21.78,0.77
20221017,682.00,1.57,21.90,0.76
20221018,697.09,1.61,22.43,0.75
20221019,690.56,1.59,22.23,0.75
20221020,680.44,1.57,21.96,0.76
20221021,674.48,1.56,21.79,0.77
20221024,688.50,1.59,22.30,0.75
20221025,688.85,1.59,22.32,0.75
20221026,683.17,1.58,22.15,0.76
20221027,695.09,1.61,22.55,0.75
20221028,687.63,1.59,22.32,0.75
20221031,695.33,1.61,22.59,0.74
20221101,700.05,1.62,22.75,0.74
20221102,697.37,1.62,22.66,0.74
20221103,694.13,1.61,23.05,0.72
20221104,693.89,1.61,23.05,0.72
20221107,700.48,1.63,23.30,0.71
20221108,713.33,1.66,23.74,0.70
20221109,714.60,1.66,23.79,0.70
20221110,707.78,1.65,23.55,0.70
20221111,731.22,1.70,24.36,0.68
20221114,729.54,1.70,24.30,0.68
20221115,744.96,1.74,24.84,0.67
20221116,743.10,1.73,24.79,0.67
20221117,737.54,1.72,24.59,0.67
20221118,731.92,1.71,24.41,0.68
20221121,718.57,1.68,24.02,0.69
20221122,712.26,1.66,23.81,0.70
20221123,725.59,1.70,24.30,0.68
20221124,738.22,1.73,24.73,0.67
20221125,733.56,1.72,24.57,0.68
20221128,717.90,1.68,24.09,0.69
20221129,727.54,1.71,24.43,0.68
20221130,729.54,1.71,24.50,0.68
20221201,740.60,1.74,24.88,0.67
20221202,732.95,1.72,24.61,0.67
20221205,733.32,1.72,24.62,0.67
20221206,719.44,1.69,24.15,0.69
20221207,718.14,1.68,24.14,0.69
20221208,712.52,1.67,23.95,0.69
20221209,719.49,1.69,24.18,0.69
20221212,715.22,1.68,24.03,0.69
20221213,715.16,1.68,24.03,0.69
20221214,729.00,1.71,24.51,0.68
20221215,722.68,1.69,24.29,0.68
20221216,717.41,1.62,24.52,0.69
20221219,717.22,1.62,24.53,0.69
20221220,703.13,1.58,24.03,0.70
20221221,705.70,1.59,24.12,0.70
20221222,715.02,1.61,24.45,0.69
20221223,691.25,1.56,23.63,0.72
20221226,694.68,1.57,23.74,0.71
20221227,704.19,1.59,24.08,0.70
20221228,692.37,1.56,23.66,0.72
20221229,679.29,1.53,23.20,0.73
20230102,671.51,1.51,22.93,0.74
20230103,674.95,1.52,23.05,0.73
20230104,683.67,1.54,23.36,0.72
20230105,679.92,1.53,23.23,0.73
20230106,688.94,1.55,23.56,0.72
20230109,701.21,1.58,23.99,0.71
20230110,696.05,1.57,23.81,0.71
20230111,709.77,1.60,24.28,0.70
20230112,710.82,1.60,24.30,0.70
20230113,711.82,1.61,24.34,0.70
20230116,716.89,1.62,24.51,0.69
20230117,709.71,1.60,24.27,0.70
20230118,711.75,1.60,24.34,0.70
20230119,712.89,1.61,24.37,0.69
20230120,717.97,1.62,24.55,0.69
20230125,732.35,1.65,25.03,0.68
20230126,738.94,1.67,25.27,0.67
20230127,741.25,1.67,25.35,0.67
20230130,738.62,1.67,25.25,0.67
20230131,740.49,1.67,25.34,0.67
20230201,750.96,1.70,25.71,0.66
20230202,764.62,1.73,26.18,0.64
20230203,766.79,1.73,26.26,0.64
20230206,761.33,1.72,26.10,0.65
20230207,772.79,1.75,26.51,0.64
20230208,779.98,1.77,26.77,0.63
20230209,784.58,1.78,26.94,0.63
20230210,772.44,1.75,26.52,0.64
20230213,772.55,1.75,26.53,0.64
20230214,779.58,1.77,26.78,0.63
20230215,765.46,1.74,26.29,0.64
20230216,784.71,1.78,27.00,0.63
20230217,775.62,1.77,26.76,0.63
20230220,788.89,1.80,27.24,0.62
20230221,793.42,1.81,27.40,0.62
20230222,778.51,1.77,26.88,0.63
20230223,783.28,1.79,27.06,0.62
20230224,778.88,1.78,26.92,0.63
20230227,780.30,1.78,26.97,0.63
20230228,791.60,1.81,27.37,0.62
20230302,787.19,1.80,26.95,0.62
20230303,802.42,1.83,27.51,0.61
20230306,816.51,1.87,28.04,0.60
20230307,815.76,1.87,28.00,0.60
20230308,813.95,1.87,27.96,0.60
20230309,809.22,1.85,27.80,0.60
20230310,788.60,1.81,27.07,0.62
20230313,788.89,1.81,27.09,0.62
20230314,758.05,1.74,26.00,0.64
20230315,781.17,1.79,26.69,0.62
20230316,781.98,1.79,26.72,0.62
20230317,797.39,1.83,27.26,0.61
20230320,802.20,1.84,27.42,0.61
20230321,802.53,1.84,27.43,0.61
20230322,813.43,1.87,27.80,0.60
20230323,812.19,1.86,27.62,0.60
20230324,824.11,1.89,27.83,0.59
20230327,827.69,1.90,27.92,0.59
20230328,833.51,1.91,28.11,0.59
20230329,843.94,1.94,28.48,0.58
20230330,850.48,1.95,28.66,0.57
20230331,847.52,1.95,28.81,0.57
20230403,854.96,1.97,28.81,0.57
20230404,857.18,1.97,28.88,0.57
20230405,872.36,2.01,29.39,0.56
20230406,865.58,1.99,29.17,0.56
20230407,880.07,2.03,29.50,0.55
20230410,887.78,2.05,29.59,0.55
20230411,898.94,2.07,29.98,0.54
20230412,890.62,2.05,29.71,0.55
20230413,894.25,2.06,29.83,0.54
20230414,903.84,2.08,30.15,0.54
20230417,909.50,2.10,30.35,0.53
20230418,909.02,2.10,30.34,0.53
20230419,909.20,2.10,30.16,0.54
20230420,885.71,2.04,29.37,0.55
20230421,868.82,2.00,28.79,0.56
20230424,855.23,1.97,28.33,0.57
20230425,838.71,1.93,27.77,0.58
20230426,830.44,1.91,27.50,0.59
20230427,850.21,1.96,28.18,0.57
20230428,842.83,1.94,27.95,0.58
20230502,855.61,1.99,42.80,0.58
20230503,843.18,1.96,42.17,0.58
20230504,845.06,1.97,42.27,0.58
20230508,842.28,1.96,42.18,0.58
20230509,835.85,1.95,41.79,0.59
20230510,829.74,1.93,41.49,0.59
20230511,824.54,1.92,41.23,0.60
20230512,822.43,1.91,41.12,0.60
20230515,814.53,1.90,40.72,0.60
20230516,816.75,1.90,40.84,0.60
20230517,834.19,1.94,41.72,0.59
20230518,835.89,1.95,41.80,0.59
20230519,841.72,1.96,42.10,0.58
20230522,852.04,1.99,42.69,0.58
20230523,859.16,2.00,43.07,0.57
20230524,855.46,2.00,42.88,0.57
20230525,847.72,1.98,42.48,0.58
20230526,843.23,1.97,42.26,0.58
20230530,851.50,1.99,42.68,0.58
20230531,856.94,2.00,42.96,0.57
20230601,863.78,2.02,43.31,0.57
20230602,868.06,2.03,43.52,0.57
20230605,870.28,2.04,43.61,0.56
20230607,880.72,2.06,44.15,0.56
20230608,876.13,2.05,43.93,0.56
20230609,883.71,2.04,48.04,0.55
20230612,885.76,2.04,48.16,0.55
20230613,896.81,2.07,48.78,0.55
20230614,871.83,2.01,47.21,0.56
20230615,878.04,2.03,47.55,0.56
20230616,887.95,2.05,48.32,0.55
20230619,888.61,2.05,48.36,0.55
20230620,886.41,2.05,48.94,0.55
20230621,875.70,2.02,48.34,0.56
20230622,876.38,2.03,48.39,0.56
20230623,874.84,2.02,48.32,0.56
20230626,879.50,2.03,48.58,0.55
20230627,874.14,2.02,48.16,0.56
20230628,866.97,2.01,47.77,0.56
20230629,861.79,1.99,47.48,0.57
20230630,868.24,2.01,47.84,0.56
20230703,889.29,2.06,49.08,0.55
20230704,890.00,2.06,49.03,0.55
20230705,891.18,2.07,49.10,0.55
20230706,870.53,2.02,47.96,0.56
20230707,867.27,2.01,47.86,0.56
20230710,860.35,2.00,47.47,0.57
20230711,878.73,2.04,48.50,0.55
20230712,879.88,2.04,48.56,0.55
20230713,893.07,2.07,49.31,0.54
20230714,896.28,2.08,48.79,0.54
20230717,898.29,2.09,49.01,0.54
20230718,914.14,2.13,49.91,0.53
20230719,923.72,2.15,50.45,0.52
20230720,931.60,2.17,50.99,0.52
20230721,934.58,2.18,51.21,0.52
20230724,929.90,2.17,50.96,0.52
20230725,939.96,2.20,51.55,0.51
20230726,900.63,2.11,49.41,0.54
20230727,883.79,2.07,48.52,0.55
20230728,913.74,2.14,50.25,0.53
20230731,935.97,2.19,51.50,0.52
20230801,939.67,2.20,51.71,0.51
20230802,909.76,2.13,50.04,0.53
20230803,920.32,2.14,51.28,0.53
20230804,918.43,2.14,51.22,0.53
20230807,898.22,2.09,50.06,0.54
20230808,892.34,2.09,51.50,0.54
20230809,908.98,2.13,52.48,0.53
20230810,911.29,2.13,52.63,0.53
20230811,912.20,2.13,52.77,0.53
20230814,901.68,2.11,51.82,0.53
20230816,878.29,2.05,49.58,0.55
20230817,886.04,2.07,50.03,0.54
20230818,877.32,2.05,49.55,0.55
20230821,888.71,2.08,50.21,0.54
20230822,893.33,2.09,50.49,0.54
20230823,882.87,2.07,49.96,0.54
20230824,901.74,2.11,51.04,0.53
20230825,899.38,2.11,50.96,0.53
20230828,909.38,2.13,51.59,0.53
20230829,916.24,2.15,51.99,0.52
20230830,923.81,2.17,52.42,0.52
20230831,928.40,2.18,52.38,0.51
20230901,919.74,2.16,51.87,0.52
20230904,919.16,2.16,51.84,0.52
20230905,921.48,2.16,51.97,0.52
20230906,917.95,2.16,51.78,0.52
20230907,906.36,2.13,51.12,0.53
20230908,914.18,2.15,51.58,0.52
20230911,912.55,2.14,51.38,0.52
20230912,898.04,2.11,50.56,0.53
20230913,882.72,2.07,49.69,0.54
20230914,899.47,2.11,50.65,0.53
20230915,899.03,2.11,50.63,0.53
20230918,891.29,2.10,50.23,0.54
20230919,883.89,2.04,68.43,0.54
20230920,882.72,2.04,68.38,0.54
20230921,860.68,1.99,66.67,0.55
20230922,857.35,1.98,66.46,0.55
20230925,839.17,1.94,65.05,0.57
20230926,827.82,1.92,64.16,0.57
20230927,841.02,1.95,65.20,0.56
20231004,807.40,1.87,62.51,0.59
20231005,801.02,1.86,62.01,0.59
20231006,816.39,1.89,63.21,0.58
20231010,795.00,1.84,61.52,0.60
20231011,817.12,1.90,63.35,0.58
20231012,835.49,1.94,64.79,0.57
20231013,822.78,1.91,63.80,0.57
20231016,810.54,1.88,62.98,0.58
20231017,820.38,1.90,63.76,0.58
20231018,808.89,1.88,62.87,0.58
20231019,784.04,1.82,60.83,0.60
20231020,769.25,1.79,59.67,0.61
20231023,763.69,1.77,59.22,0.62
20231024,784.86,1.82,60.90,0.60
20231025,770.84,1.79,59.78,0.61
20231026,743.85,1.73,57.65,0.63
20231027,748.49,1.74,58.09,0.63
20231030,757.12,1.76,58.85,0.62
20231031,736.10,1.71,57.18,0.64
20231101,739.23,1.72,57.42,0.64
20231102,772.84,1.80,60.09,0.61
20231103,782.05,1.82,60.70,0.60
20231106,839.45,1.96,65.27,0.56
20231107,824.37,1.92,64.09,0.57
20231108,811.02,1.89,63.37,0.58
20231109,802.87,1.87,62.73,0.59
20231110,789.31,1.84,62.28,0.59
20231113,774.42,1.81,61.09,0.61
20231114,794.19,1.86,62.64,0.59
20231115,809.36,1.89,63.86,0.58
20231116,811.11,1.90,63.95,0.58
20231117,799.06,1.87,62.99,0.59
20231120,813.08,1.90,64.12,0.58
20231121,817.01,1.91,64.37,0.57
20231122,814.61,1.91,64.11,0.57
20231123,815.98,1.91,64.23,0.57
20231124,815.00,1.91,64.14,0.57
20231127,810.25,1.90,63.80,0.58
20231128,816.44,1.92,64.30,0.57
20231129,822.44,1.93,64.83,0.57
20231130,831.68,1.96,65.57,0.56
20231201,827.24,1.95,65.22,0.56
20231204,828.52,1.95,65.44,0.56
20231205,813.38,1.91,64.23,0.57
20231206,819.54,1.93,64.96,0.57
20231207,813.20,1.92,64.47,0.57
20231208,830.37,1.96,65.86,0.56
20231211,835.25,1.97,66.26,0.56
20231212,839.53,1.98,66.61,0.55
20231213,829.31,1.96,65.96,0.56
20231214,840.59,1.99,67.13,0.55
20231215,838.31,1.99,66.97,0.55
20231218,850.96,2.02,68.10,0.54
20231219,858.30,2.04,68.69,0.54
20231220,862.98,2.01,106.40,0.53
20231221,859.44,2.00,105.94,0.54
20231222,854.62,1.99,105.38,0.54
20231226,848.34,1.98,104.63,0.54
20231227,859.79,2.00,106.09,0.54
20231228,866.57,2.02,106.97,0.53
20240102,878.93,2.00,107.86,0.54
20240103,871.57,1.98,106.93,0.54
20240104,866.25,1.97,106.28,0.54
20240105,878.33,2.00,107.83,0.54
20240108,879.34,2.00,107.96,0.54
20240109,884.64,2.01,108.61,0.53
20240110,875.46,1.99,107.44,0.54
20240111,882.53,2.01,108.32,0.53
20240112,868.08,1.93,104.53,0.55
20240115,859.71,1.92,103.50,0.56
20240116,854.83,1.90,102.93,0.56
20240117,833.05,1.86,100.28,0.58
20240118,840.33,1.87,101.19,0.57
20240119,842.67,1.88,101.54,0.57
20240122,839.69,1.87,101.18,0.57
20240123,840.11,1.87,101.25,0.57
20240124,836.21,1.86,100.78,0.57
20240125,823.74,1.84,99.18,0.58
20240126,837.24,1.87,100.70,0.57
20240129,819.14,1.82,100.67,0.59
20240130,818.86,1.82,100.40,0.59
20240131,799.24,1.77,97.96,0.60
20240201,798.73,1.77,97.94,0.60
20240202,814.77,1.81,99.79,0.59
20240205,807.99,1.79,98.89,0.60
20240206,807.03,1.79,98.75,0.60
20240207,811.92,1.80,99.37,0.59
20240208,826.58,1.84,101.19,0.58
20240213,845.15,1.88,103.52,0.57
20240214,853.30,1.90,104.53,0.56
20240215,859.21,1.91,105.27,0.56
20240216,857.60,1.91,105.05,0.56
20240219,858.47,1.91,105.11,0.56
20240220,866.17,1.92,106.09,0.56
20240221,864.07,1.92,105.84,0.56
20240222,870.11,1.93,106.60,0.55
20240223,868.57,1.93,106.45,0.55
20240226,867.40,1.93,106.55,0.56
20240227,853.75,1.90,104.89,0.56
20240228,863.39,1.92,106.14,0.56
20240229,862.96,1.92,106.12,0.56
20240304,872.97,1.94,107.33,0.55
20240305,866.37,1.93,106.46,0.56
20240306,870.67,1.94,106.96,0.55
20240307,863.37,1.92,104.89,0.56
20240308,873.18,1.95,106.20,0.55
20240311,875.93,1.95,106.57,0.55
20240312,889.71,1.99,108.33,0.54
20240313,889.93,1.99,108.42,0.54
20240314,887.52,1.98,108.13,0.54
20240315,880.46,1.97,106.78,0.55
20240318,894.48,2.01,110.55,0.53
20240319,891.91,2.00,110.25,0.54
20240320,891.45,2.00,109.98,0.54
20240321,904.29,2.03,107.12,0.53
20240322,903.98,2.04,97.99,0.53
20240325,913.69,2.06,99.08,0.52
20240326,916.09,2.06,99.38,0.52
20240327,911.25,2.06,98.99,0.52
20240328,910.05,2.05,98.21,0.52
20240329,905.50,2.05,97.65,0.53
20240401,912.45,2.06,96.18,0.52
20240402,891.59,2.01,93.94,0.53
20240403,879.96,1.99,92.71,0.54
20240404,882.90,2.00,93.38,0.54
20240405,872.29,1.97,91.88,0.54
20240408,860.57,1.95,89.10,0.55
20240409,859.33,1.94,88.54,0.55
20240411,858.10,1.94,88.41,0.55
20240412,860.47,1.95,88.68,0.55
20240415,852.42,1.93,87.85,0.56
20240416,832.81,1.88,85.78,0.57
20240417,833.03,1.88,85.78,0.57
20240418,855.65,1.94,88.10,0.56
20240419,841.91,1.90,86.66,0.57
20240422,845.82,1.91,87.06,0.56
20240423,845.44,1.92,87.14,0.56
20240424,862.23,1.95,88.18,0.55
20240425,853.26,1.93,87.27,0.56
20240426,856.82,1.94,87.66,0.55
20240429,869.72,1.97,89.01,0.55
20240430,868.93,1.97,88.95,0.55
20240502,867.48,1.95,89.78,0.54
20240503,865.59,1.95,89.60,0.54
20240507,871.26,1.96,90.45,0.54
20240508,872.42,1.96,90.53,0.54
20240509,870.15,1.96,90.36,0.54
20240510,864.16,1.95,89.78,0.54
20240513,854.43,1.93,88.74,0.55
20240514,862.15,1.95,89.64,0.54
20240516,870.37,1.96,90.52,0.54
20240517,855.06,1.93,88.90,0.55
20240520,847.08,1.91,88.35,0.55
20240521,846.51,1.91,88.29,0.55
20240522,845.72,1.91,88.23,0.55
20240523,846.58,1.91,88.33,0.55
20240524,839.41,1.90,87.64,0.56
20240527,847.99,1.92,88.58,0.55
20240528,851.01,1.92,88.91,0.55
20240529,838.45,1.90,87.57,0.56
20240530,831.99,1.88,86.88,0.56
20240531,839.98,1.90,87.76,0.56
20240603,844.72,1.91,88.27,0.55
20240604,845.84,1.91,88.43,0.55
20240605,850.75,1.93,88.96,0.55
20240607,866.18,1.96,90.63,0.54
20240610,864.71,1.96,90.49,0.54
20240611,868.36,1.97,90.88,0.54
20240612,870.67,1.97,91.14,0.54
20240613,871.33,1.97,91.22,0.54
20240614,862.19,1.95,90.25,0.54
20240617,858.96,1.92,103.78,0.54
20240618,858.95,1.92,104.06,0.54
20240619,861.17,1.93,104.44,0.54
20240620,857.51,1.92,104.37,0.54
20240621,852.67,1.91,103.78,0.55
20240624,841.52,1.89,104.26,0.55
20240625,841.99,1.89,104.86,0.55
20240626,842.12,1.90,104.79,0.55
20240627,838.65,1.89,104.35,0.55
20240628,840.44,1.89,104.64,0.55
20240701,847.15,1.91,105.87,0.55
20240702,829.91,1.87,103.68,0.56
20240703,836.10,1.89,106.96,0.55
20240704,840.81,1.90,107.25,0.55
20240705,847.49,1.92,108.14,0.55
20240708,859.27,1.94,109.67,0.54
20240709,860.42,1.95,109.83,0.54
20240710,858.55,1.94,109.59,0.54
20240711,852.42,1.93,108.80,0.54
20240712,850.37,1.92,108.54,0.54
20240715,852.88,1.93,108.90,0.54
20240716,839.61,1.90,107.68,0.55
20240717,829.41,1.88,106.35,0.56
20240718,822.48,1.86,105.47,0.56
20240719,828.72,1.88,106.31,0.56
20240722,809.96,1.84,103.87,0.57
20240723,812.12,1.84,104.16,0.57
20240724,814.25,1.85,104.47,0.57
20240725,797.29,1.81,102.25,0.58
20240726,797.56,1.81,102.28,0.58
20240729,807.99,1.83,103.67,0.57
20240730,803.78,1.82,103.14,0.57
20240731,803.15,1.82,103.07,0.57
20240801,813.53,1.85,104.43,0.57
20240802,779.33,1.77,99.95,0.59
20240805,691.28,1.56,88.42,0.67
20240806,732.87,1.66,93.88,0.63
20240807,748.54,1.70,96.13,0.62
20240808,745.28,1.69,95.72,0.62
20240809,764.43,1.73,98.24,0.60
20240812,772.72,1.75,99.33,0.60
20240813,764.86,1.74,98.56,0.60
20240814,776.83,1.76,100.15,0.59
20240816,786.33,1.79,95.66,0.59
20240819,777.47,1.77,94.23,0.59
20240820,787.44,1.79,95.48,0.59
20240821,779.87,1.77,94.76,0.59
20240822,773.47,1.76,93.93,0.59
20240823,773.26,1.76,93.83,0.59
20240826,766.79,1.75,93.19,0.60
20240827,764.95,1.74,92.96,0.60
20240828,762.50,1.74,92.67,0.60
20240829,756.04,1.72,91.86,0.61
20240830,767.66,1.75,93.33,0.60
20240902,769.21,1.75,92.89,0.60
20240903,760.37,1.73,91.78,0.60
20240904,731.75,1.66,88.24,0.63
20240905,725.28,1.65,87.43,0.63
20240906,706.59,1.61,85.14,0.65
20240909,714.46,1.63,85.96,0.65
20240910,706.20,1.61,84.94,0.65
20240911,709.42,1.61,85.35,0.65
20240912,731.03,1.66,88.02,0.63
20240913,733.20,1.67,88.30,0.63
20240919,739.51,1.64,84.88,0.62
20240920,748.33,1.66,85.92,0.62
20240923,755.12,1.68,86.72,0.61
20240924,767.35,1.71,88.30,0.60
20240925,759.30,1.69,87.35,0.61
20240926,779.18,1.74,89.70,0.59
20240927,774.49,1.72,89.14,0.59
20240930,763.88,1.70,87.89,0.60
20241002,762.13,1.70,87.67,0.60
20241004,768.98,1.71,88.49,0.60
20241007,781.01,1.74,89.92,0.59
20241008,778.24,1.73,89.62,0.59
20241010,775.48,1.73,89.31,0.59
20241011,770.98,1.72,88.85,0.60
20241014,770.26,1.72,88.77,0.60
20241015,773.81,1.73,89.20,0.59
20241016,765.79,1.71,88.26,0.60
20241017,765.06,1.71,88.32,0.60
20241018,753.22,1.68,86.95,0.61
20241021,759.95,1.70,87.59,0.60
20241022,738.34,1.65,84.81,0.62
20241023,745.19,1.67,85.59,0.61
20241024,734.59,1.64,84.69,0.63
20241025,727.41,1.62,84.26,0.63
20241028,740.48,1.66,85.59,0.62
20241029,744.18,1.67,86.59,0.62
20241030,738.19,1.65,85.50,0.62
20241031,743.06,1.66,86.09,0.62
20241101,729.05,1.63,84.02,0.63
20241104,754.08,1.69,86.53,0.61
20241105,751.81,1.69,86.28,0.61
20241106,743.31,1.67,85.55,0.61
20241107,733.52,1.64,84.40,0.62
20241108,743.38,1.67,86.09,0.61
20241111,728.84,1.63,84.82,0.63
20241112,710.52,1.59,82.69,0.64
20241113,689.65,1.55,80.86,0.66
20241114,681.56,1.53,79.97,0.67
20241115,685.42,1.54,80.57,0.67
20241118,689.55,1.55,81.08,0.66
20241119,686.12,1.54,80.66,0.67
20241120,682.91,1.53,80.11,0.67
20241121,680.67,1.53,79.75,0.67
20241122,677.01,1.52,79.29,0.67
20241125,696.83,1.57,81.23,0.65
20241126,693.15,1.56,80.78,0.66
20241127,692.00,1.55,79.77,0.66
20241128,694.39,1.56,80.06,0.66
20241129,678.19,1.52,78.15,0.67
20241202,675.84,1.52,77.89,0.67
20241203,690.80,1.55,79.66,0.66
20241204,677.15,1.52,78.06,0.67
20241205,670.94,1.51,77.33,0.68
20241206,661.33,1.48,76.21,0.69
20241209,627.01,1.41,72.18,0.73
20241210,661.59,1.49,76.25,0.69
20241211,675.92,1.52,77.92,0.67
20241212,683.35,1.54,78.81,0.67
20241213,693.73,1.56,80.00,0.66
20241216,698.53,1.57,80.57,0.65
20241217,694.47,1.56,80.12,0.66
20241218,697.57,1.57,80.52,0.65
20241219,684.36,1.53,114.11,0.66
20241220,668.31,1.49,111.61,0.68
20241223,679.24,1.52,113.44,0.67
20241224,680.11,1.52,113.61,0.67
20241226,675.64,1.51,113.62,0.67
20241227,665.97,1.49,111.95,0.68
20241230,678.19,1.52,114.08,0.67
20250102,686.63,1.54,115.53,0.66
20250103,705.76,1.58,118.86,0.64
20250106,717.96,1.61,120.95,0.63
20250107,718.29,1.61,120.98,0.63
20250108,719.63,1.61,121.22,0.63
20250109,723.52,1.62,121.90,0.63
20250110,717.89,1.61,120.96,0.63
20250113,708.21,1.59,119.46,0.64
20250114,718.04,1.61,121.16,0.63
20250115,711.61,1.60,120.05,0.63
20250116,724.24,1.63,122.26,0.62
20250117,724.69,1.63,122.35,0.62
20250120,727.66,1.63,122.88,0.62
20250121,726.07,1.63,122.62,0.62
20250122,732.31,1.65,123.73,0.62
20250123,724.01,1.63,122.29,0.62
20250124,728.74,1.64,122.98,0.62
20250131,728.29,1.64,123.20,0.62
20250203,703.80,1.58,118.96,0.64
20250204,719.92,1.62,121.63,0.63
20250205,730.98,1.65,123.87,0.62
20250206,740.32,1.67,125.51,0.61
20250207,742.90,1.67,125.97,0.61
20250210,749.67,1.69,127.21,0.60
20250211,749.59,1.69,127.24,0.60
20250212,745.18,1.68,126.48,0.60
20250213,749.28,1.69,127.30,0.60
20250214,756.32,1.71,128.17,0.59
20250217,768.48,1.74,127.39,0.58
20250218,773.65,1.75,128.17,0.58
20250219,778.27,1.76,128.96,0.57
20250220,768.27,1.74,127.26,0.58
20250221,774.65,1.76,128.25,0.58
20250224,773.33,1.75,127.70,0.58
20250225,769.43,1.75,127.06,0.58
20250226,771.41,1.75,127.37,0.58
20250227,770.85,1.75,127.29,0.58
20250228,743.96,1.69,122.75,0.60
20250304,737.90,1.68,121.74,0.61
20250305,746.95,1.70,123.26,0.60
20250306,734.92,1.67,121.23,0.61
20250307,727.70,1.65,120.06,0.61
20250310,725.82,1.65,120.07,0.62
20250311,721.50,1.64,119.34,0.62
20250312,729.49,1.66,120.71,0.61
20250313,722.80,1.64,119.59,0.62
20250314,734.26,1.67,121.21,0.61
20250317,743.51,1.69,122.79,0.60
20250318,745.54,1.70,123.10,0.60
20250319,738.35,1.68,120.43,0.60
20250320,725.15,1.65,117.53,0.62
20250321,719.41,1.64,113.32,0.62
20250324,720.22,1.64,95.93,0.62
20250325,711.26,1.62,93.64,0.63
20250326,716.48,1.64,94.11,0.63
20250327,707.49,1.61,92.89,0.64
20250328,693.76,1.58,91.02,0.65
20250331,672.85,1.53,88.10,0.67
20250401,691.45,1.58,90.47,0.65
20250402,684.85,1.56,89.44,0.66
20250403,683.49,1.56,89.25,0.66
20250404,687.39,1.57,89.55,0.65
20250407,651.30,1.49,83.79,0.69
20250408,658.45,1.50,84.85,0.68
20250409,643.39,1.47,82.91,0.70
20250410,681.79,1.56,88.02,0.66
20250411,695.59,1.59,89.82,0.65
20250414,708.98,1.62,91.63,0.63
20250415,711.92,1.63,92.07,0.63
20250416,699.11,1.60,90.39,0.64
20250417,711.75,1.63,92.08,0.63
20250418,717.77,1.65,92.91,0.62
20250421,715.45,1.64,92.61,0.63
20250422,716.12,1.64,92.72,0.63
20250423,726.08,1.67,94.04,0.62
20250424,726.08,1.67,93.12,0.62
20250425,729.69,1.67,93.61,0.61
20250428,719.41,1.65,92.27,0.62
20250429,726.46,1.67,93.16,0.62
20250430,717.24,1.65,91.96,0.62
20250502,721.86,1.60,90.88,0.67
20250507,722.81,1.61,91.01,0.67
20250508,729.59,1.62,91.89,0.67
20250509,722.52,1.61,90.97,0.67
20250512,725.40,1.62,91.58,0.67
20250513,731.88,1.63,92.66,0.66
20250514,739.05,1.65,93.56,0.66
20250515,733.23,1.64,92.80,0.66
20250516,725.07,1.62,92.39,0.67
20250519,713.75,1.59,90.92,0.68
20250520,715.55,1.60,91.42,0.68
20250521,723.62,1.62,92.39,0.67
20250522,717.67,1.60,91.60,0.67
20250523,715.98,1.60,91.24,0.68
20250526,725.27,1.62,92.82,0.67
20250527,727.11,1.63,93.05,0.66
20250528,728.79,1.63,93.29,0.66
20250529,736.29,1.65,94.28,0.66
20250530,734.35,1.65,94.04,0.66
20250602,740.29,1.66,95.37,0.65
20250604,750.21,1.68,96.53,0.64
20250605,756.23,1.70,97.33,0.64
20250609,764.21,1.71,98.43,0.63
20250610,771.20,1.73,99.37,0.63
20250611,786.29,1.77,101.47,0.61
20250612,789.45,1.77,104.66,0.61
20250613,768.86,1.72,101.89,0.63
20250616,777.26,1.74,103.03,0.62
20250617,775.65,1.73,102.82,0.62
20250618,779.73,1.74,103.39,0.62
20250619,782.51,1.75,103.77,0.62
20250620,791.53,1.77,104.98,0.61
20250623,784.79,1.76,104.07,0.61
20250624,800.93,1.79,106.26,0.60
20250625,798.21,1.79,105.92,0.60
20250626,787.95,1.76,104.52,0.61
20250627,781.56,1.75,103.80,0.61
20250630,781.50,1.75,103.79,0.61
20250701,783.67,1.76,104.29,0.61
20250702,782.17,1.75,104.09,0.61
20250703,793.33,1.78,105.60,0.61
20250704,775.80,1.74,103.23,0.62
20250707,778.46,1.75,103.86,0.62
20250708,784.24,1.76,104.55,0.61
20250709,790.36,1.77,105.37,0.61
20250710,797.70,1.79,106.39,0.60
20250711,800.47,1.80,106.74,0.60
20250714,799.37,1.79,106.61,0.60
20250715,812.88,1.83,108.46,0.59
20250716,812.23,1.83,109.90,0.59
20250717,818.27,1.84,110.74,0.58
20250718,820.67,1.85,111.07,0.58
20250721,821.69,1.85,111.20,0.58
20250722,812.97,1.83,109.95,0.59
20250723,813.56,1.83,110.04,0.59
20250724,809.89,1.82,109.24,0.59
20250725,806.95,1.82,108.85,0.59
20250728,804.40,1.81,109.15,0.59
20250729,804.45,1.81,109.16,0.59
20250730,803.67,1.81,109.26,0.59
20250731,805.24,1.82,109.50,0.59
20250801,772.79,1.74,105.04,0.62
20250804,784.06,1.77,106.54,0.61
20250805,798.60,1.80,108.57,0.60
20250806,803.49,1.81,109.32,0.59
20250807,805.81,1.82,109.66,0.59
20250808,809.27,1.83,109.91,0.59
20250811,811.85,1.84,110.28,0.59
20250812,807.19,1.83,109.64,0.59
20250813,814.10,1.84,110.63,0.58
20250814,815.26,1.84,110.16,0.58
20250818,798.05,1.81,106.98,0.60
20250819,787.96,1.79,105.34,0.60
20250820,777.61,1.77,103.43,0.61
20250821,777.24,1.77,103.11,0.61
20250822,782.51,1.78,103.72,0.61
20250825,798.02,1.81,105.82,0.59
20250826,801.66,1.82,107.27,0.59
20250827,801.72,1.82,107.27,0.59
20250828,798.43,1.82,106.84,0.59
20250829,796.91,1.81,106.64,0.59
20250901,785.00,1.79,105.14,0.60
20250902,794.00,1.81,106.36,0.60
20250903,796.81,1.82,106.75,0.59
20250904,805.42,1.83,107.92,0.59
20250905,811.40,1.85,108.76,0.58
20250908,818.60,1.87,109.75,0.58
20250909,824.82,1.88,110.62,0.57
20250910,833.00,1.90,111.72,0.57
20250911,834.76,1.90,111.97,0.57
20250912,847.08,1.93,113.66,0.56
20250915,852.69,1.95,114.48,0.55
20250916,851.84,1.93,129.66,0.55
20250917,845.53,1.91,128.70,0.56
20250918,857.11,1.94,130.26,0.55
20250919,863.11,1.95,131.20,0.55
20250922,874.36,1.98,133.62,0.54
20250923,872.21,1.98,133.30,0.54
20250924,860.94,1.96,136.29,0.55
20250925,852.48,1.94,134.94,0.55
20250926,835.19,1.90,132.19,0.56
20250929,846.71,1.93,134.10,0.55
20250930,841.99,1.92,133.40,0.56
20251001,845.34,1.93,133.95,0.55
20251002,854.25,1.95,135.41,0.55
20251010,859.49,1.96,136.29,0.55
20251013,860.49,1.96,136.43,0.54
20251014,847.96,1.93,134.42,0.55
20251015,864.72,1.97,137.13,0.54
20251016,865.41,1.97,137.24,0.54
20251017,859.54,1.96,136.32,0.54
20251020,875.77,2.00,138.98,0.53
20251021,872.50,1.99,138.43,0.54
20251022,879.15,2.01,139.51,0.53
20251023,872.03,1.99,138.38,0.54
20251024,883.08,2.02,140.21,0.53
20251027,902.70,2.06,143.40,0.52
20251028,903.30,2.06,143.47,0.52
20251029,901.59,2.06,143.20,0.52
20251030,890.86,2.03,141.50,0.53
20251031,900.42,2.06,143.11,0.52
20251103,914.55,2.09,145.43,0.51
20251104,926.57,2.12,148.71,0.50
20251105,901.89,2.06,144.70,0.52
20251106,898.17,2.06,144.07,0.52
20251107,876.81,2.01,140.62,0.53
20251110,888.35,2.04,142.45,0.52
20251111,884.27,2.03,141.80,0.53
20251112,906.51,2.08,145.42,0.51
20251113,918.37,2.11,147.34,0.51
20251114,897.90,2.06,144.45,0.52
20251117,902.67,2.07,144.58,0.51
20251118,878.70,2.02,140.74,0.53
20251119,871.32,2.00,139.40,0.53
20251120,891.94,2.05,142.75,0.52
20251121,863.95,1.99,138.02,0.54
20251124,856.44,1.98,137.63,0.54
20251125,856.03,1.98,137.52,0.54
20251126,877.32,2.03,140.97,0.53
20251127,880.06,2.03,141.43,0.53
20251128,912.67,2.11,146.66,0.51
20251201,922.38,2.13,150.54,0.50
20251202,928.42,2.15,151.52,0.50
20251203,932.01,2.15,152.15,0.50
20251204,929.83,2.15,151.78,0.50
20251205,924.74,2.15,152.00,0.50
20251208,927.79,2.16,152.53,0.50
20251209,931.35,2.17,153.13,0.49
20251210,935.00,2.17,151.53,0.49
20251211,934.64,2.17,151.58,0.49
20251212,937.34,2.18,151.95,0.49
20251215,938.83,2.18,152.51,0.49
20251216,916.11,2.07,87.90,0.50
20251217,911.07,2.06,87.63,0.50
20251218,901.33,2.04,86.89,0.51
20251219,915.27,2.08,88.79,0.50
20251222,929.14,2.11,90.19,0.49
20251223,919.56,2.09,89.28,0.50
20251224,915.20,2.08,88.84,0.50
20251226,919.67,2.10,89.96,0.50
20251229,932.59,2.12,91.23,0.49
20251230,925.47,2.11,95.91,0.49
20260102,945.57,2.16,98.02,0.48
20260105,957.50,2.19,99.26,0.47
20260106,955.97,2.18,99.09,0.48
20260107,947.39,2.16,98.19,0.48
20260108,944.06,2.15,97.85,0.48
20260109,947.92,2.16,98.25,0.48
20260112,949.81,2.17,98.44,0.48
20260113,948.98,2.17,98.37,0.48
20260114,942.18,2.15,97.67,0.48
20260115,951.16,2.17,98.66,0.48
20260116,954.59,2.18,99.10,0.48
20260119,968.36,2.21,100.57,0.47
20260120,976.37,2.23,101.43,0.46
20260121,951.29,2.18,98.82,0.48
20260122,970.35,2.22,100.83,0.47
20260123,993.93,2.27,103.29,0.46
20260126,1064.41,2.44,110.75,0.43
20260127,1082.59,2.48,112.66,0.42
20260128,1133.52,2.60,118.06,0.40
20260129,1164.41,2.67,121.34,0.39
20260130,1149.44,2.64,119.79,0.39
20260202,1098.36,2.52,114.49,0.41
20260203,1144.33,2.63,119.32,0.39
20260204,1149.43,2.64,119.86,0.39
20260205,1108.41,2.54,115.55,0.41
20260206,1080.77,2.48,112.66,0.42
20260209,1127.55,2.59,117.59,0.40
20260210,1115.20,2.56,116.27,0.41
20260211,1114.87,2.56,116.26,0.41
20260212,1125.99,2.59,117.45,0.40
20260213,1106.08,2.54,115.41,0.41
20260219,1160.71,2.67,121.24,0.39
20260220,1154.00,2.65,120.55,0.39
20260223,1151.99,2.65,120.33,0.39
20260224,1165.00,2.68,121.72,0.39
20260225,1165.25,2.68,121.22,0.39
20260226,1188.15,2.74,123.65,0.38
20260227,1192.78,2.75,124.29,0.38
20260303,1137.70,2.62,118.49,0.40
20260304,978.44,2.25,101.75,0.46
20260305,1116.41,2.57,116.28,0.40
20260306,1154.67,2.66,120.05,0.39
20260309,1102.28,2.54,114.58,0.41
20260310,1137.68,2.62,118.16,0.40
20260311,1136.83,2.62,118.05,0.40
20260312,1148.40,2.65,119.01,0.39
20260313,1152.96,2.66,119.40,0.39
20260316,1138.29,2.62,117.88,0.40
20260317,1136.94,2.61,115.40,0.40
20260318,1164.38,2.68,118.27,0.39
20260319,1143.48,2.63,114.73,0.39
20260320,1161.52,2.67,116.47,0.39
20260323,1096.89,2.53,109.55,0.41
20260324,1121.44,2.59,106.41,0.40
20260325,1159.55,2.68,109.99,0.39
20260326,1136.64,2.63,107.71,0.40
20260327,1141.51,2.64,108.17,0.40
20260330,1107.05,2.56,104.71,0.41
20260331,1052.39,2.43,99.49,0.43
20260401,1116.18,2.59,105.39,0.40
20260402,1056.34,2.45,99.68,0.43
20260403,1063.75,2.47,100.60,0.42
20260406,1047.37,2.43,99.04,0.43
20260407,1036.73,2.40,98.13,0.43
20260408,1089.85,2.53,102.45,0.41
20260409,1076.00,2.50,101.13,0.42
20260410,1093.63,2.54,102.80,0.41
20260413,1099.84,2.56,103.52,0.41
20260414,1121.88,2.61,105.58,0.40
20260415,1152.43,2.68,108.51,0.39
20260416,1162.97,2.71,110.07,0.39
20260417,1170.04,2.73,110.77,0.38
20260420,1174.85,2.74,111.22,0.38
20260421,1179.03,2.75,111.66,0.38
20260422,1181.12,2.75,111.86,0.38
20260423,1174.31,2.74,111.21,0.38
20260424,1203.84,2.81,114.08,0.37
20260427,1226.18,2.86,116.24,0.37
20260428,1215.58,2.83,115.22,0.37
20260429,1220.26,2.85,115.65,0.37
20260430,1192.35,2.78,113.87,0.38
20260504,1213.74,2.75,108.87,0.51
20260506,1210.17,2.74,108.67,0.51
20260507,1199.18,2.72,107.68,0.51
20260508,1207.72,2.74,108.49,0.51
20260511,1207.34,2.74,108.48,0.51
20260512,1179.29,2.68,106.45,0.52
20260513,1176.93,2.67,106.26,0.52
20260514,1191.09,2.70,107.59,0.52
20260515,1129.82,2.57,101.91,0.54
20260518,1111.09,2.52,100.22,0.55
20260519,1084.36,2.46,97.77,0.57
20260520,1056.07,2.40,95.27,0.58
20260521,1105.97,2.52,100.27,0.55
20260522,1161.13,2.65,105.39,0.53
20260526,1172.52,2.67,106.41,0.52
20260527,1133.13,2.58,102.82,0.54
20260528,1104.36,2.52,100.20,0.55
20260529,1074.80,2.45,97.55,0.57
20260601,1050.03,2.39,95.32,0.58
20260602,1026.03,2.34,93.11,0.60
20260604,1049.73,2.39,95.33,0.58
20260605,1002.44,2.29,91.00,0.61
20260608,911.39,2.08,82.63,0.67
20260609,967.81,2.21,87.69,0.63
20260610,951.63,2.17,86.22,0.64
20260611,996.93,2.27,90.42,0.61
20260612,1029.05,2.29,64.70,0.59
20260615,1034.03,2.31,65.02,0.59
20260616,1018.68,2.27,64.12,0.60
20260617,1031.96,2.30,64.97,0.59
20260618,1000.93,2.23,63.01,0.61
20260619,966.59,2.15,60.85,0.63
20260622,968.40,2.16,61.00,0.63
20260623,891.52,1.99,56.11,0.68
20260624,909.31,2.03,57.25,0.67
20260625,887.81,1.98,55.87,0.69
20260626,851.37,1.90,53.57,0.72
20260629,920.57,2.05,57.99,0.66
20260630,916.18,2.04,57.75,0.66
20260701,929.35,2.08,59.07,0.65
20260702,866.72,1.93,55.02,0.70
20260703,868.41,1.94,55.12,0.70
20260706,847.07,1.89,53.75,0.72
20260707,831.23,1.86,52.77,0.73
20260708,785.00,1.75,49.80,0.77
20260709,794.00,1.77,50.35,0.77
20260710,837.43,1.87,53.14,0.73
20260713,799.36,1.79,50.47,0.76
20260714,783.98,1.75,49.50,0.77
20260715,829.43,1.86,52.41,0.73
20260716,791.84,1.77,50.00,0.77
20260720,749.64,1.67,47.30,0.81
20260721,753.34,1.68,47.54,0.81
20260722,751.09,1.68,47.41,0.81
20260723,790.28,1.77,49.93,0.77
20260724,748.22,1.67,47.19,0.81
20260727,764.86,1.71,48.21,0.79
20260728,705.85,1.57,44.43,0.86
20260729,662.68,1.48,41.69,0.92
20260730,644.78,1.44,40.54,0.94
20260731,719.76,1.61,45.35,0.84