20160802,2019.03,1.07,14.20,1.65
20160803,1994.79,1.06,14.03,1.67
20160804,2000.03,1.06,14.07,1.67
20160805,2017.94,1.07,14.20,1.65
20160808,2031.12,1.07,14.29,1.64
20160809,2043.78,1.08,14.38,1.63
20160810,2044.64,1.08,14.39,1.63
20160811,2048.80,1.08,14.42,1.63
20160812,2050.47,1.09,14.43,1.62
20160816,2047.76,1.08,14.41,1.63
20160817,2043.75,1.08,14.38,1.63
20160818,2055.47,1.09,14.47,1.62
20160819,2056.24,1.09,14.47,1.62
20160822,2042.16,1.08,14.37,1.63
20160823,2049.93,1.08,14.43,1.62
20160824,2043.76,1.08,14.38,1.63
20160825,2042.92,1.08,14.38,1.63
20160826,2037.50,1.08,14.34,1.63
20160829,2032.35,1.08,14.30,1.64
20160830,2039.74,1.08,14.36,1.63
20160831,2034.65,1.08,14.32,1.64
20160901,2032.72,1.08,14.29,1.64
20160902,2038.31,1.08,14.33,1.63
20160905,2060.08,1.09,14.49,1.62
20160906,2066.53,1.09,14.53,1.61
20160907,2061.88,1.09,14.50,1.62
20160908,2063.73,1.09,14.51,1.61
20160909,2037.87,1.08,14.33,1.63
20160912,1991.48,1.05,14.01,1.67
20160913,1999.36,1.06,14.06,1.67
20160919,2015.78,1.07,14.18,1.65
20160920,2025.71,1.07,14.25,1.64
20160921,2035.99,1.08,14.32,1.64
20160922,2049.70,1.09,14.42,1.62
20160923,2054.07,1.09,14.46,1.62
20160926,2047.11,1.08,14.41,1.63
20160927,2062.82,1.09,14.52,1.61
20160928,2053.06,1.09,14.45,1.62
20160929,2068.72,1.10,14.56,1.61
20160930,2043.63,1.08,14.51,1.63
20161004,2054.86,1.01,13.33,1.53
20161005,2053.00,1.01,13.32,1.53
20161006,2065.30,1.02,13.40,1.52
20161007,2053.80,1.01,13.33,1.53
20161010,2056.82,1.01,13.33,1.53
20161011,2031.93,1.00,13.17,1.55
20161012,2033.73,1.00,13.18,1.55
20161013,2015.44,0.99,13.06,1.56
20161014,2022.66,0.99,13.11,1.56
20161017,2027.61,1.00,13.15,1.55
20161018,2040.43,1.01,13.24,1.54
20161019,2040.94,1.01,13.24,1.54
20161020,2040.60,1.01,13.24,1.54
20161021,2033.00,1.00,13.19,1.54
20161024,2047.74,1.01,13.29,1.53
20161025,2037.17,1.00,13.22,1.54
20161026,2013.89,0.99,13.07,1.56
20161027,2024.12,1.00,13.13,1.55
20161028,2019.42,1.00,13.10,1.55
20161031,2008.19,0.99,13.03,1.56
20161101,2007.39,0.99,13.02,1.56
20161102,1978.94,0.98,12.84,1.58
20161103,1983.80,0.98,12.87,1.58
20161104,1982.02,0.98,12.86,1.58
20161107,1997.58,0.99,12.96,1.57
20161108,2003.38,0.99,13.00,1.56
20161109,1958.38,0.97,12.71,1.60
20161110,2002.60,0.99,13.00,1.56
20161111,1984.43,0.98,12.72,1.57
20161114,1974.40,0.98,12.66,1.58
20161115,1967.53,0.98,12.61,1.58
20161116,1979.65,0.98,12.69,1.57
20161117,1980.55,0.98,12.70,1.57
20161118,1974.58,0.98,12.66,1.57
20161121,1966.05,0.98,12.62,1.58
20161122,1983.47,0.98,12.74,1.56
20161123,1987.95,0.99,12.77,1.56
20161124,1971.26,0.98,12.66,1.57
20161125,1974.46,0.98,12.68,1.57
20161128,1978.13,0.98,12.70,1.57
20161129,1978.39,0.98,12.71,1.57
20161130,1983.48,0.98,12.74,1.56
20161201,1983.75,0.97,13.59,1.56
20161202,1970.61,0.97,13.50,1.57
20161205,1963.36,0.96,13.45,1.58
20161206,1989.86,0.97,13.63,1.56
20161207,1991.89,0.98,13.65,1.56
20161208,2031.07,1.00,13.92,1.53
20161209,2024.69,0.99,13.87,1.53
20161212,2027.24,0.99,13.89,1.53
20161213,2035.98,1.00,13.95,1.52
20161214,2036.87,1.00,13.96,1.52
20161215,2036.65,1.00,13.96,1.52
20161216,2042.24,1.00,14.00,1.52
20161219,2038.39,1.00,13.97,1.52
20161220,2041.94,1.00,13.99,1.52
20161221,2037.96,1.00,13.99,1.52
20161222,2035.73,1.00,13.98,1.52
20161223,2035.90,1.00,13.98,1.52
20161226,2037.75,1.00,13.99,1.52
20161227,2042.17,1.00,14.03,1.51
20161228,2024.49,1.00,13.91,1.53
20161229,2026.46,1.00,13.92,1.52
20170102,2026.16,1.00,13.92,1.52
20170103,2043.97,1.01,14.04,1.51
20170104,2045.64,1.01,14.05,1.51
20170105,2041.95,1.00,14.03,1.51
20170106,2049.12,1.01,14.08,1.51
20170109,2048.78,1.01,14.07,1.51
20170110,2045.12,1.01,14.05,1.51
20170111,2075.17,1.02,14.26,1.49
20170112,2087.14,1.03,14.34,1.48
20170113,2076.79,1.02,14.27,1.49
20170116,2064.17,1.01,14.18,1.50
20170117,2071.87,1.02,14.23,1.49
20170118,2070.54,1.02,14.22,1.49
20170119,2072.79,1.02,14.24,1.49
20170120,2065.61,1.02,14.19,1.50
20170123,2065.99,1.02,14.20,1.50
20170124,2065.76,1.02,14.20,1.49
20170125,2066.94,1.02,14.21,1.49
20170126,2083.59,1.03,14.32,1.48
20170131,2067.57,1.02,14.22,1.49
20170201,2080.48,1.02,14.30,1.48
20170202,2071.01,1.02,14.24,1.49
20170203,2073.16,1.02,14.25,1.49
20170206,2077.66,1.02,14.28,1.49
20170207,2075.21,1.02,14.27,1.49
20170208,2065.08,1.02,14.20,1.49
20170209,2065.88,1.02,14.20,1.49
20170210,2075.08,1.02,14.26,1.49
20170213,2078.65,1.02,14.29,1.48
20170214,2074.57,1.02,14.26,1.49
20170215,2083.86,1.03,14.33,1.48
20170216,2081.84,1.02,14.31,1.48
20170217,2080.58,1.02,14.30,1.48
20170220,2084.39,1.03,14.33,1.48
20170221,2102.93,1.04,14.46,1.47
20170222,2106.61,1.04,14.48,1.47
20170223,2107.63,1.04,14.49,1.46
20170224,2094.12,1.03,14.40,1.47
20170227,2085.52,1.03,14.34,1.48
20170228,2091.64,1.03,14.38,1.48
20170302,2102.65,1.04,14.46,1.47
20170303,2078.75,1.02,14.29,1.48
20170306,2081.36,1.02,14.31,1.48
20170307,2094.05,1.03,14.40,1.47
20170308,2095.41,1.03,14.41,1.47
20170309,2091.06,1.03,14.38,1.48
20170310,2097.35,1.03,14.42,1.47
20170313,2117.59,1.04,14.56,1.46
20170314,2133.78,1.05,14.67,1.45
20170315,2133.00,1.05,14.66,1.45
20170316,2150.08,1.06,14.78,1.43
20170317,2164.58,1.07,14.91,1.42
20170320,2157.01,1.06,14.86,1.43
20170321,2178.38,1.07,15.01,1.41
20170322,2168.30,1.07,14.94,1.42
20170323,2172.72,1.07,14.97,1.42
20170324,2168.95,1.07,14.88,1.42
20170327,2155.66,1.06,14.79,1.43
20170328,2163.31,1.07,14.84,1.42
20170329,2166.98,1.07,14.87,1.42
20170330,2164.64,1.06,14.76,1.42
20170331,2160.23,1.06,14.73,1.43
20170403,2167.51,1.07,14.78,1.42
20170404,2161.10,1.06,14.73,1.43
20170405,2160.85,1.06,14.73,1.43
20170406,2152.75,1.06,14.68,1.43
20170407,2151.73,1.06,14.67,1.43
20170410,2133.32,1.05,14.54,1.45
20170411,2123.85,1.04,14.49,1.45
20170412,2128.91,1.05,14.52,1.45
20170413,2148.61,1.06,14.65,1.43
20170414,2134.88,1.05,14.56,1.44
20170417,2145.76,1.06,14.63,1.44
20170418,2148.46,1.06,14.65,1.43
20170419,2138.40,1.05,14.58,1.44
20170420,2149.15,1.06,14.66,1.43
20170421,2165.04,1.06,14.74,1.43
20170424,2173.74,1.07,14.80,1.42
20170425,2196.85,1.08,14.96,1.41
20170426,2207.84,1.08,15.04,1.40
20170427,2209.46,1.09,15.05,1.40
20170428,2205.44,1.08,15.02,1.40
20170502,2219.67,1.06,14.73,1.51
20170504,2241.24,1.08,14.87,1.49
20170508,2292.76,1.10,15.22,1.46
20170510,2270.12,1.09,15.07,1.47
20170511,2296.37,1.10,15.22,1.46
20170512,2286.02,1.09,15.14,1.48
20170515,2290.65,1.11,15.29,1.46
20170516,2295.33,1.11,15.33,1.45
20170517,2293.08,1.11,15.31,1.46
20170518,2286.82,1.10,15.27,1.46
20170519,2288.48,1.10,15.28,1.46
20170522,2304.03,1.11,15.38,1.45
20170523,2311.74,1.10,15.21,1.47
20170524,2317.34,1.10,15.25,1.46
20170525,2342.93,1.11,15.41,1.45
20170526,2355.30,1.12,15.50,1.44
20170529,2352.97,1.12,15.48,1.44
20170530,2343.68,1.12,15.42,1.45
20170531,2347.38,1.12,15.45,1.44
20170601,2344.61,1.12,14.17,1.44
20170602,2371.72,1.13,14.33,1.43
20170605,2368.62,1.13,14.32,1.43
20170607,2360.14,1.13,14.27,1.44
20170608,2363.57,1.13,14.28,1.43
20170609,2381.69,1.14,14.39,1.42
20170612,2357.87,1.13,14.25,1.44
20170613,2374.70,1.14,14.35,1.43
20170614,2372.64,1.13,14.34,1.43
20170615,2361.65,1.13,14.27,1.43
20170616,2361.83,1.13,14.27,1.43
20170619,2370.90,1.13,14.33,1.43
20170620,2369.23,1.13,14.32,1.43
20170621,2357.53,1.13,14.25,1.44
20170622,2370.37,1.13,14.33,1.43
20170623,2378.60,1.14,14.38,1.42
20170626,2388.66,1.14,14.44,1.42
20170627,2391.95,1.14,14.46,1.42
20170628,2382.56,1.14,14.40,1.42
20170629,2395.66,1.15,14.48,1.41
20170630,2391.79,1.14,14.46,1.42
20170703,2394.48,1.15,14.47,1.41
20170704,2380.52,1.14,14.39,1.42
20170705,2388.35,1.14,14.44,1.42
20170706,2387.81,1.14,14.43,1.42
20170707,2379.87,1.14,14.38,1.42
20170710,2382.10,1.14,14.41,1.42
20170711,2396.00,1.15,14.50,1.41
20170712,2391.77,1.14,14.47,1.41
20170713,2409.49,1.15,14.58,1.40
20170714,2414.63,1.15,14.61,1.40
20170717,2425.10,1.16,14.67,1.39
20170718,2426.04,1.16,14.67,1.39
20170719,2429.94,1.16,14.70,1.39
20170720,2441.84,1.17,14.77,1.39
20170721,2450.06,1.17,14.85,1.38
20170724,2451.53,1.17,14.86,1.38
20170725,2439.90,1.17,14.79,1.39
20170726,2434.51,1.16,14.76,1.39
20170727,2443.24,1.17,14.81,1.38
20170728,2400.99,1.15,14.55,1.41
20170731,2402.71,1.15,14.56,1.41
20170801,2422.96,1.16,14.68,1.40
20170802,2427.63,1.16,14.69,1.40
20170803,2386.85,1.14,14.44,1.42
20170804,2395.45,1.14,14.49,1.41
20170807,2398.75,1.14,14.51,1.41
20170808,2394.73,1.14,14.49,1.42
20170809,2368.39,1.13,14.32,1.43
20170810,2359.47,1.13,14.27,1.44
20170811,2319.71,1.11,14.03,1.46
20170814,2334.22,1.11,14.11,1.45
20170816,2348.26,1.12,14.20,1.44
20170817,2361.67,1.13,14.29,1.43
20170818,2358.37,1.13,14.27,1.44
20170821,2355.00,1.12,14.25,1.44
20170822,2365.33,1.13,14.31,1.43
20170823,2366.40,1.13,14.32,1.43
20170824,2375.84,1.13,14.38,1.43
20170825,2378.51,1.14,14.41,1.42
20170828,2370.30,1.13,14.36,1.43
20170829,2364.74,1.13,14.33,1.43
20170830,2372.29,1.13,14.37,1.43
20170831,2363.19,1.13,14.32,1.43
20170901,2357.69,1.08,13.27,1.43
20170904,2329.65,1.07,13.11,1.45
20170905,2326.62,1.07,13.10,1.45
20170906,2319.82,1.06,13.06,1.45
20170907,2346.19,1.08,13.21,1.44
20170908,2343.72,1.07,13.20,1.44
20170911,2359.08,1.08,13.29,1.43
20170912,2365.47,1.08,13.32,1.43
20170913,2360.18,1.08,13.29,1.43
20170914,2377.66,1.09,13.39,1.42
20170915,2386.07,1.10,13.52,1.41
20170918,2418.21,1.11,13.70,1.39
20170919,2416.05,1.11,13.69,1.39
20170920,2412.20,1.11,13.67,1.39
20170921,2406.50,1.10,13.63,1.39
20170922,2388.71,1.10,13.53,1.40
20170925,2380.40,1.09,13.49,1.41
20170926,2374.32,1.09,13.46,1.41
20170927,2372.57,1.09,13.45,1.41
20170928,2373.14,1.09,13.45,1.41
20170929,2394.47,1.10,13.58,1.40
20171010,2433.81,1.12,13.80,1.38
20171011,2458.16,1.13,13.94,1.36
20171012,2474.76,1.14,14.03,1.35
20171013,2473.62,1.14,14.05,1.35
20171016,2480.05,1.14,14.09,1.35
20171017,2484.37,1.14,14.11,1.35
20171018,2482.91,1.14,14.11,1.35
20171019,2473.06,1.14,14.05,1.35
20171020,2489.54,1.14,14.14,1.35
20171023,2490.05,1.14,14.15,1.35
20171024,2490.49,1.14,14.15,1.35
20171025,2492.50,1.15,14.16,1.34
20171026,2480.63,1.14,14.09,1.35
20171027,2496.63,1.15,14.19,1.34
20171030,2501.93,1.15,14.22,1.34
20171031,2523.43,1.16,14.34,1.33
20171101,2556.47,1.18,14.53,1.31
20171102,2546.36,1.17,14.48,1.31
20171103,2557.97,1.18,14.53,1.31
20171106,2549.41,1.17,14.48,1.31
20171107,2545.44,1.17,14.46,1.32
20171108,2552.40,1.17,14.50,1.31
20171109,2550.57,1.17,14.49,1.31
20171110,2542.95,1.17,14.44,1.32
20171113,2530.35,1.16,14.37,1.32
20171114,2526.64,1.16,14.35,1.33
20171115,2518.25,1.16,14.30,1.33
20171116,2534.79,1.16,14.40,1.32
20171117,2533.99,1.16,14.39,1.32
20171120,2527.67,1.16,14.36,1.33
20171121,2530.70,1.16,14.38,1.32
20171122,2540.51,1.17,14.43,1.32
20171123,2537.15,1.17,14.41,1.32
20171124,2544.33,1.17,14.45,1.32
20171127,2507.81,1.15,14.25,1.34
20171128,2514.19,1.16,14.28,1.33
20171129,2512.90,1.15,14.28,1.33
20171130,2476.37,1.14,14.06,1.35
20171201,2475.41,1.12,13.05,1.35
20171204,2501.67,1.13,13.18,1.34
20171205,2510.12,1.13,13.23,1.33
20171206,2474.37,1.11,13.04,1.35
20171207,2461.98,1.11,12.98,1.36
20171208,2464.00,1.11,13.00,1.36
20171211,2471.49,1.11,13.01,1.36
20171212,2461.00,1.11,12.95,1.36
20171213,2480.55,1.12,13.06,1.35
20171214,2469.48,1.11,13.00,1.36
20171215,2482.07,1.12,13.06,1.35
20171218,2481.88,1.12,13.06,1.35
20171219,2478.53,1.11,13.05,1.35
20171220,2472.37,1.11,13.01,1.36
20171221,2429.83,1.09,12.79,1.38
20171222,2440.54,1.10,12.85,1.37
20171226,2427.34,1.09,12.78,1.38
20171227,2436.67,1.10,12.83,1.38
20171228,2467.49,1.11,12.99,1.36
20180102,2479.65,1.12,13.06,1.35
20180103,2486.35,1.12,13.09,1.35
20180104,2466.46,1.11,12.99,1.36
20180105,2497.52,1.12,13.15,1.34
20180108,2513.28,1.13,13.23,1.34
20180109,2510.23,1.13,13.21,1.34
20180110,2499.75,1.12,13.15,1.34
20180111,2487.91,1.12,13.09,1.35
20180112,2496.42,1.12,13.13,1.35
20180115,2503.73,1.12,13.16,1.34
20180116,2521.74,1.13,13.26,1.33
20180117,2515.43,1.13,13.23,1.34
20180118,2515.81,1.13,13.23,1.34
20180119,2520.26,1.13,13.25,1.33
20180122,2502.11,1.12,13.16,1.34
20180123,2536.60,1.14,13.34,1.32
20180124,2538.00,1.14,13.34,1.32
20180125,2562.23,1.15,13.47,1.31
20180126,2574.76,1.16,13.53,1.30
20180129,2598.19,1.17,13.66,1.29
20180130,2567.74,1.15,13.49,1.31
20180131,2566.46,1.15,13.50,1.31
20180201,2568.54,1.15,13.52,1.31
20180202,2525.39,1.14,13.29,1.33
20180205,2491.75,1.12,13.12,1.35
20180206,2453.31,1.10,12.91,1.37
20180207,2396.56,1.08,12.61,1.40
20180208,2407.62,1.08,12.66,1.40
20180209,2363.77,1.08,12.67,1.39
20180212,2385.38,1.09,12.79,1.38
20180213,2395.19,1.10,12.84,1.37
20180214,2421.83,1.11,12.99,1.36
20180219,2442.82,1.12,13.10,1.34
20180220,2415.12,1.11,12.95,1.36
20180221,2429.65,1.11,13.03,1.35
20180222,2414.28,1.11,12.95,1.36
20180223,2451.52,1.12,13.15,1.34
20180226,2457.65,1.13,13.18,1.34
20180227,2456.14,1.13,13.17,1.34
20180228,2427.36,1.11,13.02,1.35
20180302,2402.16,1.10,12.89,1.37
20180305,2375.06,1.09,12.74,1.38
20180306,2411.41,1.11,12.94,1.36
20180307,2401.82,1.10,12.90,1.37
20180308,2433.08,1.12,13.06,1.35
20180309,2459.45,1.13,13.21,1.33
20180312,2484.12,1.14,13.34,1.32
20180313,2494.49,1.15,13.39,1.31
20180314,2486.08,1.14,13.35,1.32
20180315,2492.38,1.14,13.38,1.32
20180316,2493.97,1.15,13.37,1.31
20180319,2475.03,1.14,13.27,1.32
20180320,2485.52,1.14,13.31,1.32
20180321,2484.97,1.14,13.31,1.32
20180322,2496.02,1.15,13.37,1.31
20180323,2416.76,1.11,12.96,1.35
20180326,2437.08,1.12,13.08,1.34
20180327,2452.06,1.13,13.16,1.33
20180328,2419.29,1.11,12.98,1.35
20180329,2436.37,1.12,13.07,1.34
20180330,2445.85,1.12,13.10,1.34
20180402,2444.16,1.12,13.09,1.34
20180403,2442.43,1.12,13.08,1.34
20180404,2408.06,1.11,12.90,1.36
20180405,2437.52,1.12,13.06,1.34
20180406,2429.58,1.12,13.01,1.35
20180409,2444.08,1.12,13.09,1.34
20180410,2450.74,1.12,13.13,1.33
20180411,2444.22,1.12,13.09,1.34
20180412,2442.71,1.12,13.08,1.34
20180413,2455.07,1.13,13.17,1.33
20180416,2457.49,1.13,13.18,1.33
20180417,2453.77,1.13,13.16,1.33
20180418,2479.98,1.14,13.31,1.32
20180419,2486.10,1.14,13.34,1.31
20180420,2476.33,1.14,13.29,1.32
20180423,2474.11,1.14,13.27,1.32
20180424,2464.14,1.13,13.22,1.33
20180425,2448.81,1.13,13.14,1.33
20180426,2475.64,1.14,13.28,1.32
20180427,2492.40,1.15,13.37,1.31
20180430,2515.38,1.16,13.50,1.30
20180502,2505.61,1.14,12.00,1.55
20180503,2487.25,1.14,11.91,1.56
20180504,2461.38,1.12,11.79,1.58
20180508,2449.81,1.12,11.73,1.59
20180509,2443.98,1.12,11.71,1.59
20180510,2464.16,1.13,11.80,1.58
20180511,2477.71,1.13,11.87,1.57
20180514,2476.11,1.13,11.86,1.57
20180515,2458.54,1.12,11.78,1.58
20180516,2459.82,1.12,11.78,1.58
20180517,2448.45,1.12,11.73,1.59
20180518,2460.65,1.12,11.79,1.58
20180521,2465.57,1.13,11.81,1.58
20180523,2471.91,1.13,11.84,1.57
20180524,2466.01,1.13,11.81,1.58
20180525,2460.80,1.12,11.79,1.58
20180528,2478.96,1.13,11.88,1.57
20180529,2457.25,1.12,11.77,1.58
20180530,2409.03,1.10,11.54,1.62
20180531,2423.01,1.11,11.61,1.61
20180601,2438.96,1.11,11.69,1.60
20180604,2447.76,1.12,11.73,1.59
20180605,2453.76,1.11,11.69,1.59
20180607,2470.58,1.11,11.77,1.57
20180608,2451.58,1.11,11.68,1.59
20180611,2470.15,1.11,11.77,1.57
20180612,2468.83,1.11,11.74,1.58
20180614,2423.48,1.09,11.51,1.61
20180615,2404.04,1.08,11.42,1.62
20180618,2376.24,1.07,11.29,1.64
20180619,2340.11,1.05,11.12,1.66
20180620,2363.91,1.06,11.23,1.65
20180621,2337.83,1.05,11.11,1.67
20180622,2357.22,1.06,11.20,1.65
20180625,2357.88,1.06,11.20,1.65
20180626,2350.92,1.06,11.17,1.66
20180627,2342.03,1.06,11.13,1.66
20180628,2314.24,1.04,11.00,1.68
20180629,2326.13,1.05,11.05,1.67
20180702,2271.54,1.02,10.79,1.71
20180703,2272.76,1.02,10.80,1.71
20180704,2265.46,1.02,10.76,1.72
20180705,2257.55,1.02,10.73,1.73
20180706,2272.87,1.02,10.80,1.71
20180709,2285.80,1.03,10.86,1.70
20180710,2294.16,1.03,10.90,1.70
20180711,2280.62,1.03,10.84,1.71
20180712,2285.06,1.03,10.86,1.70
20180713,2310.90,1.04,10.98,1.68
20180716,2301.99,1.03,10.91,1.70
20180717,2297.92,1.03,10.89,1.70
20180718,2290.11,1.03,10.86,1.70
20180719,2282.29,1.03,10.82,1.71
20180720,2289.19,1.03,10.86,1.70
20180723,2269.31,1.02,10.77,1.72
20180724,2280.20,1.03,10.82,1.71
20180725,2273.03,1.02,10.78,1.72
20180726,2289.06,1.03,10.86,1.70
20180727,2294.99,1.03,10.89,1.70
20180730,2293.51,1.03,10.88,1.70
20180731,2295.26,1.03,10.89,1.70
20180801,2307.07,1.04,10.94,1.69
20180802,2270.20,1.02,10.77,1.72
20180803,2287.68,1.03,10.85,1.70
20180806,2286.50,1.03,10.84,1.71
20180807,2300.16,1.03,10.90,1.70
20180808,2301.45,1.03,10.91,1.70
20180809,2303.71,1.04,10.92,1.69
20180810,2282.79,1.03,10.82,1.71
20180813,2248.45,1.01,10.66,1.74
20180814,2258.91,1.02,10.71,1.73
20180816,2240.80,1.01,10.62,1.74
20180817,2247.05,1.01,10.65,1.74
20180820,2247.88,1.01,10.66,1.74
20180821,2270.06,1.02,10.76,1.72
20180822,2273.33,1.02,10.78,1.72
20180823,2282.60,1.03,10.82,1.71
20180824,2293.21,1.03,10.87,1.70
20180827,2299.30,1.03,10.90,1.70
20180828,2303.12,1.04,10.92,1.69
20180829,2309.03,1.04,10.95,1.69
20180830,2307.35,1.04,10.94,1.69
20180831,2322.88,1.04,11.01,1.68
20180903,2307.03,1.04,10.94,1.69
20180904,2315.72,1.04,10.98,1.69
20180905,2291.77,1.03,10.86,1.70
20180906,2287.61,1.03,10.84,1.71
20180907,2281.58,1.03,10.82,1.71
20180910,2288.66,1.01,10.97,1.70
20180911,2283.20,1.00,10.94,1.70
20180912,2282.92,1.00,10.94,1.70
20180913,2286.23,1.00,10.95,1.70
20180914,2318.25,1.02,11.11,1.68
20180917,2303.01,1.01,11.03,1.69
20180918,2308.98,1.02,11.07,1.68
20180919,2308.46,1.02,11.07,1.68
20180920,2323.45,1.02,11.14,1.67
20180921,2339.17,1.03,11.22,1.66
20180927,2355.43,1.04,11.29,1.65
20180928,2343.07,1.03,11.24,1.66
20181001,2338.88,1.03,11.22,1.66
20181002,2309.57,1.02,11.07,1.68
20181004,2274.49,1.00,10.91,1.71
20181005,2267.52,1.00,10.87,1.71
20181008,2253.83,0.99,10.81,1.72
20181010,2228.61,0.98,10.69,1.74
20181011,2129.67,0.94,10.21,1.82
20181012,2161.85,0.95,10.37,1.80
20181015,2145.12,0.94,10.29,1.81
20181016,2145.12,0.94,10.29,1.81
20181017,2167.51,0.95,10.40,1.79
20181018,2148.31,0.95,10.30,1.81
20181019,2156.26,0.95,10.34,1.80
20181022,2161.71,0.95,10.37,1.80
20181023,2106.10,0.93,10.10,1.84
20181024,2097.58,0.92,10.06,1.85
20181025,2063.30,0.91,9.90,1.88
20181026,2027.15,0.89,9.73,1.92
20181029,1996.05,0.88,9.58,1.95
20181030,2014.69,0.89,9.67,1.93
20181031,2029.69,0.89,9.74,1.91
20181101,2024.46,0.89,9.72,1.92
20181102,2096.00,0.92,10.06,1.85
20181105,2076.92,0.91,9.97,1.87
20181106,2089.62,0.92,10.03,1.86
20181107,2078.69,0.92,9.98,1.87
20181108,2092.63,0.92,10.05,1.86
20181109,2086.09,0.92,10.01,1.86
20181112,2080.44,0.92,9.99,1.87
20181113,2071.23,0.91,9.94,1.88
20181114,2068.05,0.91,9.93,1.88
20181115,2088.06,0.92,10.03,1.86
20181116,2092.40,0.92,10.05,1.86
20181119,2100.56,0.93,10.09,1.85
20181120,2082.58,0.92,10.00,1.86
20181121,2076.55,0.91,9.97,1.87
20181122,2069.95,0.91,9.94,1.88
20181123,2057.48,0.91,9.88,1.89
20181126,2083.02,0.92,10.00,1.86
20181127,2099.42,0.92,10.08,1.85
20181128,2108.22,0.93,10.12,1.84
20181129,2114.10,0.93,10.15,1.84
20181130,2096.86,0.92,10.07,1.85
20181203,2131.93,0.94,10.24,1.82
20181204,2114.35,0.93,10.16,1.84
20181205,2101.31,0.93,10.10,1.85
20181206,2068.69,0.91,9.94,1.88
20181207,2075.76,0.89,9.89,1.87
20181210,2053.79,0.88,9.79,1.89
20181211,2052.97,0.88,9.78,1.89
20181212,2082.57,0.88,9.78,1.89
20181213,2095.55,0.89,9.84,1.88
20181214,2069.38,0.88,9.72,1.90
20181217,2071.09,0.88,9.73,1.90
20181218,2062.11,0.88,9.69,1.91
20181219,2078.84,0.88,9.77,1.89
20181220,2060.12,0.88,9.68,1.91
20181221,2061.49,0.88,9.68,1.91
20181224,2055.01,0.87,9.65,1.91
20181226,2028.01,0.86,9.53,1.94
20181227,2028.44,0.86,9.53,1.94
20181228,2041.04,0.87,9.58,1.93
20190102,2010.00,0.85,9.44,1.96
20190103,1993.70,0.85,9.36,1.97
20190104,2010.25,0.85,9.44,1.96
20190107,2037.10,0.87,9.57,1.93
20190108,2025.27,0.86,9.52,1.94
20190109,2064.71,0.88,9.70,1.90
20190110,2063.28,0.88,9.70,1.90
20190111,2075.57,0.88,9.75,1.89
20190114,2064.52,0.88,9.70,1.90
20190115,2097.18,0.89,9.85,1.87
20190116,2106.10,0.90,9.89,1.87
20190117,2107.06,0.90,9.90,1.87
20190118,2124.28,0.90,9.98,1.85
20190121,2124.61,0.90,9.98,1.85
20190122,2117.77,0.90,9.95,1.86
20190123,2127.78,0.90,10.00,1.85
20190124,2145.03,0.91,10.08,1.83
20190125,2177.73,0.93,10.23,1.81
20190128,2177.30,0.93,10.23,1.81
20190129,2183.36,0.93,10.26,1.80
20190130,2206.20,0.94,10.36,1.78
20190131,2204.85,0.94,10.36,1.78
20190201,2203.46,0.94,10.35,1.78
20190207,2203.42,0.94,10.35,1.78
20190208,2177.05,0.93,10.23,1.81
20190211,2180.73,0.93,10.24,1.80
20190212,2190.47,0.93,10.29,1.79
20190213,2201.48,0.94,10.41,1.77
20190214,2225.85,0.95,10.52,1.75
20190215,2196.09,0.94,10.38,1.77
20190218,2210.89,0.95,10.45,1.76
20190219,2205.63,0.94,10.43,1.77
20190220,2229.76,0.96,10.55,1.75
20190221,2228.66,0.95,10.54,1.75
20190222,2230.50,0.96,10.55,1.75
20190225,2232.56,0.96,10.56,1.74
20190226,2226.60,0.95,10.53,1.75
20190227,2234.79,0.96,10.57,1.74
20190228,2195.44,0.94,10.38,1.77
20190304,2190.66,0.94,10.36,1.78
20190305,2179.23,0.93,10.31,1.79
20190306,2175.60,0.93,10.29,1.79
20190307,2165.79,0.93,10.25,1.80
20190308,2137.44,0.92,10.11,1.82
20190311,2138.10,0.92,10.11,1.82
20190312,2157.18,0.92,10.21,1.80
20190313,2148.41,0.92,10.16,1.81
20190314,2155.68,0.92,10.20,1.81
20190315,2176.11,0.93,10.30,1.79
20190318,2179.49,0.93,10.31,1.79
20190319,2177.62,0.93,10.30,1.79
20190320,2177.10,0.93,10.30,1.79
20190321,2184.88,0.94,10.34,1.78
20190322,2186.95,0.94,10.34,1.78
20190325,2144.86,0.92,10.15,1.81
20190326,2148.80,0.92,10.17,1.81
20190327,2145.62,0.92,10.14,1.81
20190328,2128.10,0.91,10.06,1.83
20190329,2140.67,0.92,10.13,1.81
20190401,2168.28,0.93,10.26,1.79
20190402,2177.18,0.94,10.30,1.78
20190403,2203.27,0.95,10.43,1.76
20190404,2206.53,0.95,10.44,1.76
20190405,2209.61,0.95,10.46,1.76
20190408,2210.60,0.95,10.46,1.76
20190409,2213.56,0.95,10.48,1.75
20190410,2224.39,0.96,10.53,1.75
20190411,2224.44,0.96,10.53,1.75
20190412,2233.45,0.96,10.57,1.74
20190415,2242.88,0.96,10.61,1.73
20190416,2248.63,0.97,10.64,1.73
20190417,2245.89,0.97,10.63,1.73
20190418,2213.77,0.95,10.48,1.75
20190419,2216.15,0.95,10.49,1.75
20190422,2216.65,0.95,10.49,1.75
20190423,2220.51,0.95,10.51,1.75
20190424,2201.03,0.95,10.42,1.76
20190425,2190.50,0.94,10.37,1.77
20190426,2179.31,0.94,10.31,1.78
20190429,2216.43,0.95,10.49,1.75
20190430,2203.59,0.95,10.43,1.76
20190502,2212.75,0.95,11.47,2.03
20190503,2196.32,0.94,11.38,2.05
20190507,2176.99,0.93,11.28,2.07
20190508,2168.01,0.93,11.24,2.07
20190509,2102.01,0.90,10.89,2.14
20190510,2108.04,0.90,10.92,2.13
20190513,2079.01,0.89,10.77,2.16
20190514,2081.84,0.89,10.79,2.16
20190515,2092.78,0.89,10.84,2.15
20190516,2067.69,0.88,10.71,2.18
20190517,2055.80,0.88,10.65,2.19
20190520,2055.71,0.88,10.65,2.19
20190521,2061.25,0.88,10.68,2.18
20190522,2064.86,0.88,10.69,2.18
20190523,2059.59,0.88,10.67,2.19
20190524,2045.31,0.87,10.59,2.20
20190527,2044.21,0.87,10.59,2.20
20190528,2048.83,0.87,10.61,2.20
20190529,2023.32,0.87,10.49,2.22
20190530,2038.80,0.87,10.57,2.20
20190531,2041.74,0.87,10.59,2.20
20190603,2067.85,0.87,11.95,2.16
20190604,2066.97,0.87,11.95,2.16
20190605,2069.11,0.87,11.96,2.16
20190607,2072.33,0.87,11.98,2.15
20190610,2099.49,0.88,12.14,2.12
20190611,2111.81,0.89,12.21,2.11
20190612,2108.75,0.89,12.19,2.11
20190613,2103.15,0.88,12.16,2.12
20190614,2095.41,0.88,12.11,2.13
20190617,2090.73,0.88,12.09,2.13
20190618,2098.71,0.88,12.13,2.12
20190619,2124.78,0.89,12.29,2.10
20190620,2131.29,0.90,12.32,2.09
20190621,2125.62,0.89,12.29,2.10
20190624,2126.33,0.89,12.29,2.10
20190625,2121.64,0.89,12.27,2.10
20190626,2121.85,0.89,12.27,2.10
20190627,2134.32,0.90,12.34,2.09
20190628,2130.62,0.90,12.32,2.09
20190701,2129.74,0.89,12.32,2.09
20190702,2122.02,0.89,12.27,2.10
20190703,2096.02,0.88,12.12,2.13
20190704,2108.73,0.89,12.20,2.11
20190705,2110.59,0.89,12.21,2.11
20190708,2064.17,0.87,11.94,2.16
20190709,2052.03,0.86,11.87,2.17
20190710,2058.78,0.86,11.91,2.17
20190711,2080.58,0.87,12.03,2.14
20190712,2086.66,0.88,12.07,2.14
20190715,2082.48,0.88,12.05,2.14
20190716,2091.87,0.88,12.10,2.13
20190717,2072.92,0.87,11.99,2.15
20190718,2066.55,0.87,11.95,2.16
20190719,2094.36,0.88,12.11,2.13
20190722,2093.34,0.88,12.11,2.13
20190723,2101.45,0.88,12.16,2.12
20190724,2082.30,0.87,12.04,2.14
20190725,2074.48,0.87,12.00,2.15
20190726,2066.26,0.87,11.95,2.16
20190729,2029.48,0.85,11.74,2.20
20190730,2038.68,0.86,11.79,2.19
20190731,2024.55,0.85,11.71,2.20
20190801,2017.34,0.85,11.67,2.21
20190802,1998.13,0.84,11.56,2.23
20190805,1946.98,0.82,11.26,2.29
20190806,1917.50,0.81,11.09,2.32
20190807,1909.71,0.80,11.05,2.33
20190808,1920.61,0.81,11.11,2.32
20190809,1937.75,0.81,11.21,2.30
20190812,1942.29,0.82,11.23,2.29
20190813,1925.83,0.81,11.14,2.31
20190814,1938.37,0.81,11.21,2.30
20190816,1927.17,0.81,11.15,2.31
20190819,1939.90,0.82,11.22,2.30
20190820,1960.25,0.82,11.34,2.27
20190821,1964.65,0.83,11.36,2.27
20190822,1951.01,0.82,11.29,2.28
20190823,1948.30,0.82,11.27,2.29
20190826,1916.31,0.81,11.08,2.33
20190827,1924.60,0.81,11.13,2.32
20190828,1941.09,0.82,11.23,2.30
20190829,1933.41,0.81,11.18,2.31
20190830,1967.79,0.83,11.38,2.26
20190902,1969.19,0.83,11.39,2.26
20190903,1965.69,0.83,11.37,2.27
20190904,1988.53,0.82,13.57,2.24
20190905,2004.75,0.82,13.68,2.22
20190906,2009.13,0.83,13.71,2.22
20190909,2019.55,0.83,13.78,2.21
20190910,2032.08,0.84,13.86,2.19
20190911,2049.20,0.84,13.98,2.17
20190916,2062.22,0.85,14.07,2.16
20190917,2062.33,0.85,14.08,2.16
20190918,2070.73,0.85,14.13,2.15
20190919,2080.35,0.86,14.20,2.14
20190920,2091.52,0.86,14.28,2.13
20190923,2091.70,0.86,14.28,2.13
20190924,2101.04,0.86,14.34,2.12
20190925,2073.39,0.85,14.16,2.15
20190926,2074.52,0.85,14.17,2.15
20190927,2049.93,0.84,14.00,2.17
20190930,2063.05,0.85,14.09,2.16
20191001,2072.42,0.85,14.16,2.15
20191002,2031.91,0.84,13.87,2.19
20191004,2020.69,0.83,13.80,2.20
20191007,2021.73,0.83,13.80,2.20
20191008,2046.25,0.84,13.97,2.18
20191010,2028.15,0.83,13.85,2.20
20191011,2044.61,0.84,13.96,2.18
20191014,2067.40,0.85,14.12,2.15
20191015,2068.17,0.85,14.12,2.15
20191016,2082.83,0.86,14.22,2.14
20191017,2077.94,0.86,14.19,2.14
20191018,2060.69,0.85,14.07,2.16
20191021,2064.84,0.85,14.09,2.16
20191022,2088.86,0.86,14.26,2.13
20191023,2080.62,0.86,14.20,2.14
20191024,2085.66,0.86,14.23,2.13
20191025,2087.89,0.86,14.25,2.13
20191028,2093.60,0.86,14.29,2.13
20191029,2092.69,0.86,14.29,2.13
20191030,2080.27,0.86,14.20,2.14
20191031,2083.48,0.86,14.23,2.13
20191101,2100.20,0.87,14.34,2.12
20191104,2130.24,0.88,14.55,2.09
20191105,2142.64,0.88,14.64,2.08
20191106,2144.15,0.88,14.65,2.07
20191107,2144.29,0.88,14.65,2.07
20191108,2137.23,0.88,14.60,2.08
20191111,2124.09,0.88,14.51,2.09
20191112,2140.92,0.88,14.62,2.08
20191113,2122.45,0.87,14.50,2.09
20191114,2139.23,0.88,14.62,2.08
20191115,2162.18,0.89,14.78,2.06
20191118,2160.69,0.89,14.77,2.06
20191119,2153.24,0.89,14.72,2.06
20191120,2125.32,0.88,14.53,2.09
20191121,2096.60,0.86,14.33,2.12
20191122,2101.96,0.87,14.37,2.11
20191125,2123.50,0.88,14.51,2.09
20191126,2121.35,0.87,14.50,2.09
20191127,2127.85,0.88,14.55,2.09
20191128,2118.60,0.87,14.48,2.10
20191129,2087.96,0.86,14.27,2.13
20191202,2091.92,0.86,14.30,2.12
20191203,2084.07,0.84,17.25,2.13
20191204,2068.89,0.84,17.12,2.15
20191205,2060.74,0.84,17.05,2.16
20191206,2081.85,0.84,17.23,2.13
20191209,2088.65,0.85,17.28,2.13
20191210,2098.00,0.85,17.36,2.12
20191211,2105.62,0.85,17.43,2.11
20191212,2137.35,0.87,17.69,2.08
20191213,2170.25,0.88,17.97,2.05
20191216,2168.15,0.88,17.95,2.05
20191217,2195.68,0.89,18.18,2.02
20191218,2194.76,0.89,18.18,2.02
20191219,2196.56,0.89,18.19,2.02
20191220,2204.18,0.89,18.25,2.01
20191223,2203.71,0.89,18.25,2.01
20191224,2190.08,0.89,18.14,2.03
20191226,2197.93,0.89,18.20,2.02
20191227,2204.21,0.89,18.25,2.01
20191230,2197.67,0.89,18.20,2.02
20200102,2175.17,0.88,18.01,2.04
20200103,2176.46,0.88,18.02,2.04
20200106,2155.07,0.87,17.84,2.06
20200107,2175.54,0.88,18.01,2.04
20200108,2151.31,0.87,17.81,2.06
20200109,2186.45,0.89,18.11,2.03
20200110,2206.39,0.89,18.27,2.01
20200113,2229.26,0.90,18.46,1.99
20200114,2238.88,0.91,18.54,1.98
20200115,2230.98,0.91,18.48,1.99
20200116,2248.05,0.91,18.62,1.97
20200117,2250.57,0.91,18.64,1.97
20200120,2262.64,0.92,18.75,1.96
20200121,2239.69,0.91,18.55,1.98
20200122,2267.25,0.92,18.78,1.96
20200123,2246.13,0.91,18.61,1.98
20200128,2176.72,0.88,18.03,2.04
20200129,2185.28,0.89,18.10,2.03
20200130,2148.00,0.87,17.79,2.07
20200131,2119.01,0.86,17.56,2.09
20200203,2118.88,0.86,17.56,2.09
20200204,2157.90,0.88,17.88,2.06
20200205,2165.63,0.88,17.94,2.05
20200206,2227.94,0.90,18.46,1.99
20200207,2211.95,0.90,18.33,2.01
20200210,2201.07,0.89,18.24,2.02
20200211,2223.12,0.90,18.42,2.00
20200212,2238.38,0.91,18.55,1.98
20200213,2232.96,0.91,18.51,1.99
20200214,2243.59,0.91,18.63,1.97
20200217,2242.17,0.91,18.62,1.97
20200218,2208.88,0.90,18.34,2.00
20200219,2210.34,0.90,18.35,2.00
20200220,2195.50,0.89,18.23,2.01
20200221,2162.84,0.88,17.96,2.04
20200224,2079.04,0.84,17.26,2.12
20200225,2103.61,0.85,17.46,2.10
20200226,2076.77,0.84,17.24,2.12
20200227,2054.89,0.83,17.06,2.15
20200228,1987.01,0.81,16.50,2.22
20200302,2002.51,0.81,16.62,2.20
20200303,2014.15,0.82,16.72,2.19
20200304,2059.33,0.84,17.09,2.14
20200305,2085.26,0.85,17.31,2.12
20200306,2040.22,0.83,16.93,2.16
20200309,1954.77,0.79,16.22,2.26
20200310,1962.93,0.80,16.29,2.25
20200311,1908.27,0.77,15.84,2.31
20200312,1834.33,0.74,15.22,2.41
20200313,1771.44,0.72,14.70,2.49
20200316,1714.86,0.70,14.23,2.57
20200317,1672.44,0.68,13.88,2.64
20200318,1591.20,0.65,13.20,2.77
20200319,1457.64,0.59,12.09,3.03
20200320,1566.15,0.64,13.19,2.82
20200323,1482.46,0.60,12.48,2.97
20200324,1609.97,0.65,13.47,2.74
20200325,1704.76,0.69,14.26,2.59
20200326,1686.24,0.68,14.10,2.62
20200327,1717.73,0.70,14.37,2.57
20200330,1717.12,0.70,14.36,2.57
20200331,1754.64,0.71,14.66,2.51
20200401,1685.46,0.68,14.08,2.62
20200402,1724.86,0.70,14.41,2.56
20200403,1725.44,0.70,14.41,2.56
20200406,1791.88,0.73,14.97,2.46
20200407,1823.60,0.74,15.23,2.42
20200408,1807.14,0.73,15.09,2.44
20200409,1836.21,0.75,15.33,2.40
20200410,1860.70,0.76,15.54,2.37
20200413,1825.76,0.74,15.25,2.42
20200414,1857.08,0.75,15.51,2.38
20200416,1857.07,0.75,15.50,2.38
20200417,1914.53,0.78,15.98,2.30
20200420,1898.36,0.77,15.85,2.32
20200421,1879.38,0.76,15.69,2.35
20200422,1896.15,0.77,15.83,2.33
20200423,1914.73,0.78,15.98,2.30
20200424,1889.01,0.77,15.77,2.34
20200427,1922.77,0.78,16.05,2.29
20200428,1934.09,0.79,16.15,2.28
20200429,1947.56,0.79,16.26,2.27
20200504,1895.37,0.78,18.30,2.30
20200506,1928.76,0.79,18.62,2.26
20200507,1928.61,0.79,18.62,2.26
20200508,1945.82,0.80,18.79,2.24
20200511,1935.40,0.79,18.69,2.25
20200512,1922.17,0.79,18.56,2.27
20200513,1940.42,0.79,18.73,2.25
20200514,1924.96,0.79,18.58,2.26
20200515,1927.28,0.79,18.61,2.26
20200518,1937.11,0.79,18.72,2.25
20200519,1980.61,0.81,19.14,2.20
20200520,1989.64,0.81,19.23,2.19
20200521,1998.31,0.82,19.32,2.18
20200522,1970.13,0.81,19.04,2.21
20200525,1994.60,0.82,19.27,2.19
20200526,2029.78,0.83,19.62,2.15
20200527,2031.20,0.83,19.63,2.15
20200528,2028.54,0.83,19.61,2.15
20200529,2029.60,0.83,19.62,2.15
20200601,2065.08,0.85,19.97,2.11
20200602,2087.19,0.85,20.18,2.09
20200603,2147.00,0.88,24.57,2.03
20200604,2151.18,0.88,24.62,2.02
20200605,2181.87,0.90,25.00,1.99
20200608,2184.29,0.90,25.02,1.99
20200609,2188.92,0.90,25.08,1.99
20200610,2195.69,0.90,25.16,1.98
20200611,2176.78,0.90,24.94,2.00
20200612,2132.30,0.88,24.43,2.04
20200615,2030.82,0.83,23.26,2.14
20200616,2138.05,0.88,24.50,2.03
20200617,2141.05,0.88,24.54,2.03
20200618,2133.48,0.88,24.45,2.04
20200619,2141.32,0.88,24.54,2.03
20200622,2126.73,0.87,24.37,2.05
20200623,2131.24,0.88,24.43,2.04
20200624,2161.51,0.89,24.78,2.01
20200625,2112.37,0.87,24.22,2.06
20200626,2134.65,0.88,24.48,2.04
20200629,2093.48,0.86,24.00,2.08
20200630,2108.33,0.87,24.18,2.06
20200701,2106.70,0.87,24.16,2.06
20200702,2135.37,0.88,24.49,2.04
20200703,2152.41,0.89,24.89,2.01
20200706,2187.93,0.91,25.31,1.97
20200707,2164.17,0.90,25.03,1.99
20200708,2158.88,0.89,24.97,2.00
20200709,2167.90,0.90,25.07,1.99
20200710,2150.25,0.89,24.87,2.01
20200713,2186.06,0.91,25.28,1.97
20200714,2183.61,0.91,25.25,1.98
20200715,2201.88,0.91,25.46,1.96
20200716,2183.76,0.91,25.25,1.98
20200717,2201.19,0.91,25.45,1.96
20200720,2198.20,0.91,25.42,1.96
20200721,2228.83,0.92,25.80,1.94
20200722,2228.66,0.92,25.80,1.94
20200723,2216.19,0.92,25.65,1.95
20200724,2200.44,0.91,25.47,1.96
20200727,2217.86,0.92,25.67,1.95
20200728,2256.99,0.94,26.13,1.91
20200729,2263.16,0.94,26.20,1.91
20200730,2267.01,0.94,26.24,1.90
20200731,2249.37,0.93,26.04,1.92
20200803,2251.04,0.93,26.06,1.92
20200804,2279.97,0.95,26.39,1.89
20200805,2311.86,0.96,26.77,1.87
20200806,2342.61,0.97,27.12,1.84
20200807,2351.67,0.98,27.23,1.83
20200810,2386.38,0.99,27.63,1.81
20200811,2418.67,1.00,28.01,1.78
20200812,2432.35,1.01,28.16,1.77
20200813,2437.53,1.01,28.23,1.77
20200814,2407.49,1.00,27.89,1.79
20200818,2348.24,0.97,26.95,1.84
20200819,2360.54,0.98,27.09,1.83
20200820,2274.22,0.94,26.10,1.90
20200821,2304.59,0.96,26.45,1.87
20200824,2329.83,0.97,26.74,1.85
20200825,2366.73,0.98,27.17,1.82
20200826,2369.32,0.98,27.20,1.82
20200827,2344.45,0.97,26.91,1.84
20200828,2353.80,0.98,27.02,1.83
20200831,2326.17,0.97,26.70,1.85
20200901,2349.55,0.98,26.97,1.83
20200902,2364.37,0.98,27.14,1.82
20200903,2395.90,0.99,27.51,1.80
20200904,2368.25,0.98,27.19,1.82
20200907,2384.22,0.99,27.37,1.81
20200908,2401.91,1.00,27.58,1.79
20200909,2375.81,0.99,27.28,1.81
20200910,2396.48,0.98,28.63,1.80
20200911,2396.69,0.98,28.63,1.80
20200914,2427.91,0.99,29.00,1.78
20200915,2443.58,0.99,29.19,1.76
20200916,2435.92,0.99,29.10,1.77
20200917,2406.17,0.98,28.75,1.79
20200918,2412.40,0.98,28.82,1.79
20200921,2389.39,0.97,28.55,1.80
20200922,2332.59,0.95,27.87,1.85
20200923,2333.24,0.95,27.85,1.85
20200924,2272.70,0.92,27.13,1.90
20200925,2278.79,0.93,27.20,1.89
20200928,2308.08,0.94,27.56,1.87
20200929,2327.89,0.95,27.79,1.85
20201005,2358.00,0.96,28.15,1.83
20201006,2365.90,0.96,28.25,1.82
20201007,2386.94,0.97,28.50,1.81
20201008,2391.96,0.97,28.57,1.80
20201012,2403.73,0.98,28.71,1.79
20201013,2403.15,0.98,28.70,1.79
20201014,2380.48,0.97,28.43,1.81
20201015,2361.21,0.96,28.22,1.82
20201016,2341.53,0.96,28.10,1.83
20201019,2346.74,0.96,28.17,1.83
20201020,2358.41,0.97,28.33,1.81
20201021,2370.86,0.97,28.48,1.81
20201022,2355.05,0.96,28.29,1.82
20201023,2360.81,0.97,28.36,1.81
20201026,2343.91,0.96,28.15,1.83
20201027,2330.84,0.96,28.00,1.84
20201028,2345.26,0.96,28.17,1.82
20201029,2326.67,0.95,27.95,1.84
20201030,2267.15,0.93,27.23,1.89
20201102,2300.16,0.94,27.63,1.86
20201103,2343.31,0.96,28.16,1.83
20201104,2357.32,0.97,28.33,1.81
20201105,2413.79,0.99,29.01,1.77
20201106,2416.50,0.99,29.04,1.77
20201109,2447.20,1.00,29.41,1.75
20201110,2452.83,1.01,29.48,1.74
20201111,2485.87,1.02,29.88,1.72
20201112,2475.62,1.02,29.76,1.73
20201113,2493.87,1.02,29.98,1.71
20201116,2543.03,1.04,30.57,1.68
20201117,2539.15,1.04,30.53,1.68
20201118,2545.64,1.04,30.61,1.68
20201119,2547.42,1.05,30.63,1.68
20201120,2553.50,1.05,30.71,1.67
20201123,2602.59,1.07,31.30,1.64
20201124,2617.76,1.07,31.48,1.63
20201125,2601.54,1.07,31.29,1.64
20201126,2625.91,1.08,31.58,1.63
20201127,2633.45,1.08,31.67,1.62
20201130,2591.34,1.06,31.17,1.65
20201201,2634.25,1.08,31.68,1.62
20201202,2675.90,1.10,32.19,1.60
20201203,2696.22,1.11,32.43,1.58
20201204,2731.45,1.12,32.86,1.56
20201207,2745.44,1.13,33.04,1.55
20201208,2700.93,1.11,32.52,1.58
20201209,2755.47,1.13,33.18,1.55
20201210,2746.46,1.13,33.07,1.55
20201211,2770.06,1.11,28.37,1.54
20201214,2762.20,1.11,28.29,1.54
20201215,2756.82,1.11,28.23,1.55
20201216,2771.79,1.11,28.39,1.54
20201217,2770.43,1.11,28.37,1.54
20201218,2772.18,1.11,28.40,1.54
20201221,2778.65,1.12,28.47,1.53
20201222,2733.68,1.10,28.03,1.56
20201223,2759.82,1.11,28.30,1.54
20201224,2806.86,1.13,28.78,1.52
20201228,2808.60,1.13,28.80,1.52
20201229,2820.51,1.14,28.93,1.51
20201230,2873.47,1.16,29.47,1.48
20210104,2944.45,1.19,30.20,1.44
20210105,2990.57,1.20,30.68,1.42
20210106,2968.21,1.20,30.45,1.43
20210107,3031.68,1.22,31.11,1.40
20210108,3152.18,1.27,32.35,1.35
20210111,3148.45,1.27,32.31,1.35
20210112,3125.95,1.26,32.08,1.36
20210113,3148.29,1.27,32.31,1.35
20210114,3149.93,1.27,32.33,1.35
20210115,3085.90,1.24,31.67,1.38
20210118,3013.93,1.21,30.95,1.41
20210119,3092.66,1.25,31.76,1.37
20210120,3114.55,1.26,31.99,1.36
20210121,3160.84,1.27,32.47,1.34
20210122,3140.63,1.27,32.26,1.35
20210125,3208.99,1.30,33.02,1.32
20210126,3140.31,1.27,32.28,1.35
20210127,3122.56,1.26,32.10,1.36
20210128,3069.05,1.24,31.55,1.38
20210129,2976.21,1.20,30.59,1.43
20210201,3056.53,1.23,31.42,1.39
20210202,3096.81,1.25,31.84,1.37
20210203,3129.68,1.26,32.18,1.36
20210204,3087.55,1.25,31.74,1.37
20210205,3120.63,1.26,32.08,1.36
20210208,3091.24,1.25,31.78,1.37
20210209,3084.67,1.25,31.71,1.38
20210210,3100.58,1.25,31.88,1.37
20210215,3147.00,1.27,32.36,1.35
20210216,3163.25,1.28,32.53,1.34
20210217,3133.73,1.27,32.22,1.35
20210218,3086.66,1.25,31.74,1.37
20210219,3107.62,1.25,31.96,1.36
20210222,3079.75,1.24,31.67,1.38
20210223,3070.09,1.24,31.57,1.38
20210224,2994.98,1.21,30.80,1.42
20210225,3099.69,1.25,31.88,1.37
20210226,3012.95,1.22,30.98,1.41
20210302,3043.87,1.23,31.30,1.39
20210303,3082.99,1.25,31.71,1.38
20210304,3043.49,1.23,31.30,1.39
20210305,3026.26,1.22,31.12,1.40
20210308,2996.11,1.21,30.81,1.42
20210309,2976.12,1.20,30.60,1.43
20210310,2958.12,1.19,30.42,1.43
20210311,3013.70,1.22,30.99,1.41
20210312,3054.39,1.23,31.41,1.39
20210315,3045.71,1.23,31.32,1.39
20210316,3067.17,1.24,31.54,1.38
20210317,3047.50,1.23,31.34,1.39
20210318,3066.01,1.24,31.53,1.38
20210319,3039.53,1.24,31.45,1.39
20210322,3035.46,1.23,31.41,1.39
20210323,3004.74,1.22,31.09,1.40
20210324,2996.35,1.22,31.00,1.41
20210325,3008.33,1.22,31.12,1.40
20210326,3041.01,1.24,31.45,1.39
20210329,3036.04,1.23,31.40,1.39
20210330,3070.00,1.25,31.75,1.37
20210331,3061.42,1.24,31.67,1.38
20210401,3087.40,1.25,31.94,1.36
20210402,3112.80,1.26,32.20,1.35
20210405,3120.83,1.27,32.29,1.35
20210406,3127.08,1.27,32.35,1.35
20210407,3137.41,1.27,32.46,1.34
20210408,3143.26,1.28,32.52,1.34
20210409,3131.88,1.27,32.40,1.35
20210412,3135.59,1.27,32.44,1.34
20210413,3169.08,1.29,32.79,1.33
20210414,3182.38,1.29,32.95,1.32
20210415,3194.33,1.30,33.07,1.32
20210416,3198.62,1.30,33.12,1.32
20210419,3198.84,1.30,33.12,1.32
20210420,3220.70,1.31,33.35,1.31
20210421,3171.66,1.29,32.85,1.33
20210422,3177.52,1.29,32.92,1.32
20210423,3186.10,1.30,32.99,1.32
20210426,3217.53,1.31,33.32,1.31
20210427,3215.42,1.31,33.30,1.31
20210428,3181.47,1.29,32.94,1.32
20210429,3174.07,1.29,32.87,1.33
20210430,3147.86,1.28,32.60,1.34
20210503,3127.20,1.26,26.05,1.83
20210504,3147.37,1.27,26.22,1.82
20210506,3178.74,1.28,26.48,1.80
20210507,3197.20,1.29,26.63,1.79
20210510,3249.30,1.31,27.07,1.76
20210511,3209.43,1.30,26.75,1.79
20210512,3161.66,1.28,26.46,1.80
20210513,3122.11,1.26,26.09,1.83
20210514,3153.32,1.28,26.36,1.81
20210517,3134.52,1.27,26.20,1.82
20210518,3173.05,1.28,26.53,1.80
20210520,3162.28,1.28,26.44,1.81
20210521,3156.42,1.28,26.39,1.81
20210524,3144.30,1.27,26.25,1.82
20210525,3171.32,1.28,26.48,1.80
20210526,3168.43,1.28,26.46,1.80
20210527,3165.51,1.28,26.43,1.81
20210528,3188.73,1.29,26.56,1.80
20210531,3203.92,1.29,26.69,1.79
20210601,3221.87,1.30,26.84,1.78
20210602,3224.23,1.30,26.86,1.78
20210603,3247.43,1.28,18.13,1.76
20210604,3240.08,1.28,18.09,1.77
20210607,3252.12,1.28,18.16,1.76
20210608,3247.83,1.28,18.13,1.76
20210609,3216.18,1.27,17.95,1.78
20210610,3224.64,1.27,17.97,1.77
20210611,3249.32,1.28,18.11,1.76
20210614,3252.13,1.28,18.12,1.76
20210615,3258.63,1.29,18.16,1.76
20210616,3278.68,1.29,18.27,1.74
20210617,3264.96,1.29,18.20,1.75
20210618,3267.93,1.29,18.22,1.75
20210621,3240.79,1.28,18.06,1.76
20210622,3263.88,1.29,18.19,1.75
20210623,3276.19,1.29,18.26,1.75
20210624,3286.10,1.30,18.32,1.74
20210625,3302.84,1.30,18.41,1.73
20210628,3301.89,1.30,18.40,1.73
20210629,3286.68,1.30,18.33,1.74
20210630,3296.68,1.30,18.38,1.73
20210701,3282.06,1.30,18.30,1.74
20210702,3281.78,1.30,18.30,1.74
20210705,3293.21,1.30,18.37,1.74
20210706,3305.21,1.31,18.44,1.73
20210707,3285.34,1.30,18.33,1.74
20210708,3252.68,1.29,18.15,1.76
20210709,3217.95,1.27,17.95,1.78
20210712,3246.47,1.28,18.11,1.76
20210713,3271.38,1.29,18.25,1.75
20210714,3264.81,1.29,18.22,1.75
20210715,3286.22,1.30,18.34,1.74
20210716,3276.91,1.30,18.31,1.74
20210719,3244.04,1.29,18.08,1.76
20210720,3232.70,1.28,18.02,1.76
20210721,3215.91,1.28,17.94,1.77
20210722,3250.21,1.29,18.11,1.75
20210723,3254.42,1.29,18.14,1.75
20210726,3224.95,1.28,17.97,1.77
20210727,3232.53,1.28,18.01,1.76
20210728,3236.86,1.28,18.04,1.76
20210729,3242.65,1.29,18.07,1.76
20210730,3202.32,1.27,17.85,1.78
20210802,3223.04,1.28,17.96,1.77
20210803,3237.14,1.28,18.04,1.76
20210804,3280.38,1.30,18.28,1.74
20210805,3276.13,1.30,18.26,1.74
20210806,3270.36,1.30,18.23,1.74
20210809,3260.42,1.31,18.43,1.72
20210810,3243.19,1.30,18.34,1.73
20210811,3220.62,1.31,18.31,1.73
20210812,3208.38,1.30,18.24,1.73
20210813,3171.29,1.29,18.02,1.75
20210817,3143.09,1.28,17.86,1.77
20210818,3158.93,1.28,17.94,1.76
20210819,3097.83,1.26,17.60,1.79
20210820,3060.51,1.24,17.39,1.81
20210823,3090.21,1.26,17.57,1.80
20210824,3138.30,1.28,17.84,1.77
20210825,3146.81,1.28,17.89,1.76
20210826,3128.53,1.27,17.78,1.77
20210827,3133.90,1.27,17.82,1.77
20210830,3144.19,1.28,17.88,1.77
20210831,3199.27,1.30,18.20,1.73
20210901,3207.02,1.30,18.24,1.73
20210902,3175.85,1.29,18.10,1.74
20210903,3201.06,1.30,18.24,1.73
20210906,3203.33,1.30,18.25,1.73
20210907,3187.42,1.30,18.16,1.74
20210908,3162.99,1.29,18.02,1.75
20210909,3114.70,1.23,14.82,1.77
20210910,3125.76,1.23,14.87,1.77
20210913,3127.86,1.23,14.89,1.77
20210914,3148.83,1.24,14.99,1.75
20210915,3153.40,1.24,15.01,1.75
20210916,3130.09,1.23,14.91,1.76
20210917,3140.51,1.24,14.95,1.76
20210923,3127.58,1.23,15.00,1.76
20210924,3125.24,1.23,14.99,1.76
20210927,3133.64,1.24,15.03,1.75
20210928,3097.92,1.22,14.86,1.77
20210929,3060.27,1.21,14.68,1.80
20210930,3068.82,1.21,14.72,1.79
20211001,3019.18,1.19,14.48,1.82
20211005,2962.17,1.17,14.21,1.86
20211006,2908.31,1.15,13.95,1.89
20211007,2959.46,1.17,14.20,1.86
20211008,2956.30,1.17,14.18,1.86
20211012,2916.38,1.15,13.99,1.88
20211013,2944.41,1.16,14.12,1.87
20211014,2988.64,1.18,14.34,1.84
20211015,3015.06,1.19,14.47,1.82
20211018,3006.68,1.19,14.43,1.83
20211019,3029.04,1.20,14.54,1.81
20211020,3013.13,1.19,14.46,1.82
20211021,3007.33,1.19,14.43,1.83
20211022,3006.16,1.19,14.43,1.83
20211025,3020.54,1.19,14.50,1.82
20211026,3049.08,1.20,14.63,1.80
20211027,3025.49,1.19,14.52,1.82
20211028,3009.55,1.19,14.44,1.83
20211029,2970.68,1.17,14.25,1.85
20211101,2978.94,1.18,14.30,1.84
20211102,3013.49,1.19,14.46,1.82
20211103,2975.71,1.17,14.29,1.85
20211104,2983.22,1.19,14.50,1.82
20211105,2969.27,1.19,14.43,1.83
20211108,2960.20,1.18,14.39,1.83
20211109,2962.46,1.18,14.40,1.83
20211110,2930.17,1.17,14.24,1.85
20211111,2924.92,1.17,14.21,1.85
20211112,2968.80,1.19,14.43,1.83
20211115,2999.52,1.20,14.58,1.81
20211116,2997.21,1.20,14.59,1.81
20211117,2962.42,1.19,14.42,1.83
20211118,2947.38,1.18,14.34,1.84
20211119,2971.02,1.19,14.46,1.82
20211122,3013.25,1.21,14.67,1.80
20211123,2997.33,1.20,14.59,1.81
20211124,2994.29,1.20,14.57,1.81
20211125,2980.27,1.19,14.51,1.82
20211126,2936.44,1.17,14.29,1.84
20211129,2909.32,1.16,14.17,1.86
20211130,2839.01,1.13,13.77,1.92
20211201,2899.72,1.16,14.07,1.87
20211202,2945.27,1.17,14.29,1.85
20211203,2968.33,1.18,14.40,1.83
20211206,2973.25,1.19,14.43,1.83
20211207,2991.72,1.19,14.52,1.82
20211208,3001.80,1.20,14.57,1.81
20211209,3029.57,1.21,14.71,1.79
20211210,3010.23,1.20,14.62,1.80
20211213,3001.66,1.15,12.82,1.81
20211214,2987.95,1.15,12.76,1.82
20211215,2989.39,1.15,12.77,1.82
20211216,3006.41,1.15,12.84,1.81
20211217,3017.73,1.16,12.89,1.80
20211220,2963.00,1.14,12.65,1.83
20211221,2975.03,1.14,12.70,1.82
20211222,2984.48,1.14,12.74,1.82
20211223,2998.17,1.15,12.80,1.81
20211224,3012.43,1.15,12.86,1.80
20211227,2999.55,1.15,12.80,1.81
20211228,3020.24,1.16,12.89,1.80
20211229,2993.29,1.15,12.78,1.81
20211230,2977.65,1.14,12.72,1.82
20220103,2988.77,1.15,12.76,1.82
20220104,2989.24,1.15,12.76,1.82
20220105,2953.97,1.13,12.61,1.84
20220106,2920.53,1.12,12.47,1.86
20220107,2954.89,1.13,12.62,1.84
20220110,2926.72,1.12,12.51,1.85
20220111,2927.38,1.12,12.51,1.85
20220112,2972.48,1.14,12.70,1.83
20220113,2962.09,1.14,12.66,1.83
20220114,2921.92,1.12,12.48,1.86
20220117,2890.10,1.11,12.35,1.88
20220118,2864.24,1.10,12.23,1.90
20220119,2842.28,1.09,12.14,1.91
20220120,2862.68,1.10,12.23,1.90
20220121,2834.29,1.09,12.11,1.92
20220124,2792.00,1.07,11.93,1.94
20220125,2720.39,1.04,11.62,2.00
20220126,2709.24,1.04,11.57,2.00
20220127,2614.49,1.00,11.16,2.08
20220128,2663.34,1.08,12.14,1.92
20220203,2707.82,1.10,12.34,1.88
20220204,2750.26,1.12,12.53,1.86
20220207,2745.06,1.12,12.51,1.86
20220208,2746.47,1.12,12.52,1.86
20220209,2768.85,1.13,12.62,1.84
20220210,2771.93,1.13,12.64,1.84
20220211,2747.71,1.12,12.53,1.86
20220214,2704.48,1.10,12.33,1.89
20220215,2676.54,1.09,12.20,1.91
20220216,2729.68,1.11,12.44,1.87
20220217,2744.09,1.12,12.51,1.86
20220218,2744.52,1.12,12.51,1.86
20220221,2743.80,1.12,12.51,1.86
20220222,2706.79,1.10,12.34,1.88
20220223,2719.53,1.11,12.39,1.88
20220224,2648.80,1.08,12.07,1.93
20220225,2676.76,1.09,12.20,1.91
20220228,2699.18,1.10,12.32,1.89
20220302,2703.52,1.10,12.34,1.88
20220303,2747.08,1.12,12.54,1.85
20220304,2713.43,1.11,12.39,1.88
20220307,2651.31,1.08,12.10,1.92
20220308,2622.40,1.07,11.97,1.94
20220310,2680.32,1.09,12.23,1.90
20220311,2661.28,1.08,12.15,1.91
20220314,2645.65,1.08,12.07,1.93
20220315,2621.53,1.07,11.97,1.94
20220316,2659.23,1.08,12.14,1.92
20220317,2694.51,1.10,12.30,1.89
20220318,2707.02,1.10,12.36,1.88
20220321,2686.05,1.09,12.26,1.90
20220322,2710.00,1.10,12.37,1.88
20220323,2735.05,1.11,12.48,1.86
20220324,2729.66,1.11,12.45,1.87
20220325,2729.98,1.11,12.46,1.87
20220328,2729.56,1.11,12.46,1.87
20220329,2741.07,1.12,12.51,1.86
20220330,2746.74,1.12,12.54,1.85
20220331,2757.65,1.12,12.58,1.85
20220401,2739.85,1.12,12.50,1.86
20220404,2757.90,1.12,12.59,1.85
20220405,2759.20,1.12,12.59,1.85
20220406,2735.03,1.11,12.48,1.86
20220407,2695.86,1.10,12.30,1.89
20220408,2700.39,1.10,12.32,1.89
20220411,2693.10,1.10,12.29,1.89
20220412,2666.76,1.09,12.17,1.91
20220413,2716.49,1.11,12.40,1.88
20220414,2716.71,1.11,12.40,1.88
20220415,2696.06,1.10,12.30,1.89
20220418,2693.21,1.10,12.29,1.89
20220419,2718.89,1.11,12.41,1.87
20220420,2718.69,1.11,12.41,1.87
20220421,2728.21,1.11,12.45,1.87
20220422,2704.71,1.10,12.34,1.88
20220425,2657.13,1.08,12.12,1.92
20220426,2668.31,1.09,12.18,1.91
20220427,2639.06,1.07,12.04,1.93
20220428,2667.49,1.09,12.17,1.91
20220429,2695.05,1.10,12.30,1.89
20220502,2687.45,1.08,11.13,1.85
20220503,2680.46,1.07,11.10,1.85
20220504,2677.57,1.07,11.09,1.85
20220506,2644.51,1.06,10.95,1.88
20220509,2610.81,1.05,10.81,1.90
20220510,2596.56,1.04,10.75,1.91
20220511,2592.27,1.04,10.74,1.92
20220512,2550.08,1.02,10.56,1.95
20220513,2604.24,1.04,10.79,1.91
20220516,2596.58,1.04,10.75,1.91
20220517,2620.44,1.05,10.85,1.90
20220518,2625.98,1.05,10.87,1.89
20220519,2592.34,1.04,10.73,1.92
20220520,2639.29,1.06,10.93,1.88
20220523,2647.38,1.06,10.96,1.88
20220524,2605.87,1.04,10.79,1.91
20220525,2617.22,1.05,10.83,1.90
20220526,2612.45,1.05,10.81,1.90
20220527,2638.05,1.06,10.92,1.88
20220530,2669.66,1.07,11.05,1.86
20220531,2685.90,1.08,11.12,1.85
20220602,2658.99,1.06,11.01,1.87
20220603,2670.65,1.07,11.06,1.86
20220607,2626.34,1.05,10.87,1.89
20220608,2626.15,1.05,10.87,1.89
20220609,2625.44,1.04,11.44,1.89
20220610,2595.87,1.02,11.31,1.91
20220613,2504.51,0.99,10.91,1.98
20220614,2492.97,0.98,10.86,1.99
20220615,2447.38,0.96,10.66,2.03
20220616,2451.41,0.97,10.68,2.03
20220617,2440.93,0.96,10.63,2.03
20220620,2391.03,0.94,10.42,2.08
20220621,2408.93,0.95,10.50,2.06
20220622,2342.81,0.92,10.21,2.12
20220623,2314.32,0.91,10.08,2.15
20220624,2366.60,0.93,10.31,2.10
20220627,2401.92,0.95,10.47,2.07
20220628,2422.09,0.96,10.56,2.05
20220629,2377.99,0.94,10.37,2.09
20220630,2332.64,0.92,10.17,2.13
20220701,2305.42,0.91,10.05,2.15
20220704,2300.34,0.91,10.03,2.16
20220705,2341.78,0.92,10.21,2.12
20220706,2292.01,0.90,9.99,2.17
20220707,2334.27,0.92,10.18,2.13
20220708,2350.61,0.93,10.25,2.11
20220711,2340.27,0.92,10.20,2.12
20220712,2317.76,0.91,10.11,2.14
20220713,2328.61,0.92,10.15,2.13
20220714,2322.32,0.92,10.13,2.14
20220715,2330.98,0.92,10.17,2.13
20220718,2375.25,0.94,10.36,2.09
20220719,2370.97,0.94,10.34,2.09
20220720,2386.85,0.94,10.41,2.08
20220721,2409.16,0.95,10.51,2.06
20220722,2393.14,0.95,10.44,2.07
20220725,2403.69,0.95,10.48,2.06
20220726,2412.96,0.95,10.52,2.06
20220727,2415.53,0.95,10.54,2.05
20220728,2435.27,0.96,10.62,2.04
20220729,2451.50,0.97,10.69,2.02
20220801,2452.25,0.97,10.69,2.02
20220802,2439.62,0.96,10.64,2.03
20220803,2461.45,0.97,10.74,2.01
20220804,2473.11,0.98,10.79,2.01
20220805,2490.80,0.98,10.87,1.99
20220808,2493.10,0.99,10.88,1.99
20220809,2503.46,0.99,10.93,1.98
20220810,2480.88,0.98,10.83,2.00
20220811,2523.78,1.00,11.02,1.96
20220812,2527.94,1.00,11.04,1.96
20220816,2533.52,1.00,11.06,1.96
20220817,2516.47,0.99,10.99,1.97
20220818,2508.05,0.99,10.95,1.98
20220819,2492.69,0.99,10.88,1.99
20220822,2462.50,0.97,10.75,2.01
20220823,2435.34,0.96,10.63,2.03
20220824,2447.45,0.97,10.69,2.02
20220825,2477.26,0.98,10.82,2.00
20220826,2481.03,0.98,10.83,2.00
20220829,2426.89,0.96,10.60,2.04
20220830,2450.93,0.97,10.70,2.02
20220831,2472.05,0.98,10.80,2.00
20220901,2415.61,0.95,10.55,2.05
20220902,2409.41,0.95,10.52,2.06
20220905,2403.68,0.95,10.49,2.06
20220906,2410.02,0.95,10.52,2.06
20220907,2376.46,0.94,10.37,2.09
20220908,2384.28,0.94,10.41,2.08
20220913,2449.54,0.97,10.70,2.02
20220914,2411.42,0.95,10.53,2.05
20220915,2401.83,0.95,10.49,2.06
20220916,2382.78,0.92,10.24,2.08
20220919,2355.66,0.91,10.13,2.10
20220920,2367.85,0.92,10.18,2.09
20220921,2347.21,0.91,10.09,2.11
20220922,2332.31,0.90,10.03,2.12
20220923,2290.00,0.89,9.84,2.16
20220926,2220.94,0.86,9.55,2.23
20220927,2223.86,0.86,9.56,2.23
20220928,2169.29,0.84,9.32,2.28
20220929,2170.93,0.84,9.33,2.28
20220930,2155.49,0.83,9.26,2.30
20221004,2209.38,0.85,9.50,2.24
20221005,2215.22,0.86,9.52,2.24
20221006,2237.86,0.87,9.62,2.21
20221007,2232.84,0.86,9.60,2.22
20221011,2192.07,0.85,9.42,2.26
20221012,2202.47,0.85,9.47,2.25
20221013,2162.87,0.84,9.30,2.29
20221014,2212.55,0.86,9.52,2.24
20221017,2219.71,0.86,9.55,2.23
20221018,2249.95,0.87,9.68,2.20
20221019,2237.44,0.87,9.62,2.21
20221020,2218.09,0.86,9.54,2.23
20221021,2213.12,0.86,9.52,2.24
20221024,2236.16,0.87,9.62,2.21
20221025,2235.07,0.87,9.62,2.21
20221026,2249.56,0.87,9.68,2.20
20221027,2288.78,0.89,9.85,2.16
20221028,2268.40,0.88,9.76,2.18
20221031,2293.61,0.89,9.87,2.16
20221101,2335.22,0.90,10.05,2.12
20221102,2336.87,0.91,10.06,2.12
20221103,2329.17,0.90,10.01,2.13
20221104,2348.43,0.91,10.10,2.11
20221107,2371.79,0.92,10.20,2.09
20221108,2399.04,0.93,10.32,2.07
20221109,2424.41,0.94,10.42,2.04
20221110,2402.23,0.93,10.33,2.06
20221111,2483.16,0.96,10.68,2.00
20221114,2474.65,0.96,10.64,2.00
20221115,2480.33,0.96,10.66,2.00
20221116,2477.45,0.96,10.66,2.00
20221117,2442.90,0.95,10.51,2.03
20221118,2444.48,0.95,10.52,2.03
20221121,2419.50,0.94,10.41,2.05
20221122,2405.27,0.93,10.35,2.06
20221123,2418.01,0.94,10.40,2.05
20221124,2441.33,0.95,10.50,2.03
20221125,2437.86,0.95,10.49,2.03
20221128,2408.27,0.93,10.36,2.06
20221129,2433.39,0.94,10.47,2.03
20221130,2472.53,0.96,10.64,2.00
20221201,2479.84,0.96,10.67,2.00
20221202,2434.33,0.94,10.47,2.03
20221205,2419.32,0.94,10.41,2.05
20221206,2393.16,0.93,10.29,2.07
20221207,2382.81,0.92,10.25,2.08
20221208,2371.08,0.92,10.20,2.09
20221209,2389.04,0.93,10.28,2.07
20221212,2373.02,0.92,10.21,2.09
20221213,2372.40,0.92,10.20,2.09
20221214,2399.25,0.93,10.33,2.06
20221215,2360.97,0.92,10.16,2.10
20221216,2360.02,0.89,11.39,2.10
20221219,2352.17,0.88,11.36,2.10
20221220,2333.29,0.88,11.26,2.12
20221221,2328.95,0.88,11.24,2.13
20221222,2356.73,0.89,11.38,2.10
20221223,2313.69,0.87,11.13,2.14
20221226,2317.14,0.87,11.14,2.14
20221227,2332.79,0.88,11.22,2.12
20221228,2280.45,0.86,10.97,2.17
20221229,2236.40,0.84,10.76,2.22
20230102,2225.67,0.84,10.70,2.23
20230103,2218.68,0.83,10.67,2.23
20230104,2255.98,0.85,10.85,2.20
20230105,2264.65,0.85,10.89,2.19
20230106,2289.97,0.86,11.02,2.16
20230109,2350.19,0.88,11.31,2.11
20230110,2351.31,0.88,11.31,2.11
20230111,2359.53,0.89,11.35,2.10
20230112,2365.10,0.89,11.38,2.09
20230113,2386.09,0.90,11.48,2.08
20230116,2399.86,0.90,11.55,2.06
20230117,2379.39,0.90,11.45,2.08
20230118,2368.32,0.89,11.39,2.09
20230119,2380.34,0.90,11.45,2.08
20230120,2395.26,0.90,11.53,2.07
20230125,2428.57,0.91,11.69,2.04
20230126,2468.65,0.93,11.89,2.00
20230127,2484.02,0.94,11.96,1.99
20230130,2450.47,0.92,11.81,2.02
20230131,2425.08,0.91,11.69,2.04
20230201,2449.80,0.92,11.81,2.02
20230202,2468.88,0.93,11.90,2.00
20230203,2480.40,0.94,11.96,1.99
20230206,2438.19,0.92,11.75,2.03
20230207,2451.71,0.92,11.81,2.02
20230208,2483.64,0.94,11.97,1.99
20230209,2481.52,0.94,11.96,1.99
20230210,2469.73,0.93,11.90,2.00
20230213,2452.70,0.92,11.82,2.02
20230214,2465.64,0.93,11.88,2.01
20230215,2427.90,0.92,11.70,2.04
20230216,2475.48,0.93,11.93,2.00
20230217,2451.21,0.92,11.81,2.02
20230220,2455.12,0.93,11.83,2.01
20230221,2458.96,0.92,11.88,2.01
20230222,2417.68,0.91,11.68,2.05
20230223,2439.09,0.92,11.79,2.03
20230224,2423.61,0.91,11.71,2.04
20230227,2402.64,0.90,11.61,2.06
20230228,2412.85,0.91,11.66,2.05
20230302,2427.85,0.91,11.73,2.04
20230303,2432.07,0.91,11.75,2.04
20230306,2462.62,0.93,11.90,2.01
20230307,2463.35,0.93,11.90,2.01
20230308,2431.91,0.91,11.75,2.04
20230309,2419.09,0.91,11.69,2.05
20230310,2394.59,0.90,11.57,2.07
20230313,2410.60,0.91,11.65,2.05
20230314,2348.97,0.88,11.35,2.11
20230315,2379.72,0.89,11.50,2.08
20230316,2377.91,0.89,11.49,2.08
20230317,2395.69,0.90,11.58,2.07
20230320,2379.20,0.89,11.50,2.08
20230321,2388.35,0.90,11.54,2.07
20230322,2416.96,0.91,11.67,2.05
20230323,2424.48,0.91,11.71,2.04
20230324,2414.96,0.91,11.66,2.05
20230327,2409.22,0.91,11.64,2.05
20230328,2434.94,0.92,11.76,2.03
20230329,2443.92,0.92,11.81,2.03
20230330,2453.16,0.92,11.85,2.02
20230331,2476.86,0.93,11.97,2.00
20230403,2472.34,0.93,11.96,2.00
20230404,2480.51,0.93,12.00,1.99
20230405,2495.21,0.94,12.07,1.98
20230406,2459.23,0.93,11.89,2.01
20230407,2490.41,0.94,12.04,1.98
20230410,2512.08,0.95,12.15,1.97
20230411,2547.86,0.96,12.32,1.94
20230412,2550.64,0.96,12.33,1.94
20230413,2561.66,0.96,12.39,1.93
20230414,2571.49,0.97,12.43,1.92
20230417,2575.91,0.97,12.45,1.92
20230418,2571.09,0.97,12.43,1.92
20230419,2575.08,0.97,12.46,1.92
20230420,2563.11,0.97,12.40,1.93
20230421,2544.40,0.96,12.31,1.94
20230424,2523.50,0.95,12.21,1.96
20230425,2489.02,0.94,12.08,1.99
20230426,2484.83,0.94,12.06,1.99
20230427,2495.81,0.94,12.11,1.98
20230428,2501.53,0.94,12.14,1.98
20230502,2524.39,0.96,13.30,1.97
20230503,2501.40,0.95,13.18,1.99
20230504,2500.94,0.95,13.17,1.99
20230508,2513.21,0.96,13.24,1.98
20230509,2510.06,0.96,13.22,1.98
20230510,2496.51,0.95,13.15,1.99
20230511,2491.00,0.95,13.12,1.99
20230512,2475.42,0.94,13.04,2.01
20230515,2479.35,0.94,13.06,2.00
20230516,2480.24,0.95,13.06,2.00
20230517,2494.66,0.95,13.14,1.99
20230518,2515.40,0.96,13.25,1.97
20230519,2537.79,0.97,13.37,1.96
20230522,2557.08,0.97,13.47,1.94
20230523,2567.55,0.98,13.53,1.93
20230524,2567.45,0.98,13.53,1.93
20230525,2554.69,0.97,13.46,1.94
20230526,2558.81,0.98,13.48,1.94
20230530,2585.52,0.99,13.62,1.92
20230531,2577.12,0.98,13.57,1.93
20230601,2569.17,0.98,13.52,1.93
20230602,2601.36,0.99,13.69,1.91
20230605,2615.41,1.00,13.76,1.90
20230607,2615.60,1.00,13.76,1.90
20230608,2610.85,0.99,13.74,1.90
20230609,2641.16,0.97,16.15,1.88
20230612,2629.35,0.96,16.07,1.89
20230613,2637.95,0.97,16.15,1.88
20230614,2619.08,0.96,16.03,1.90
20230615,2608.54,0.95,15.97,1.90
20230616,2625.79,0.96,16.07,1.89
20230619,2609.50,0.95,15.97,1.90
20230620,2604.91,0.95,15.93,1.91
20230621,2582.63,0.95,15.80,1.92
20230622,2593.70,0.95,15.87,1.91
20230623,2570.10,0.94,15.72,1.93
20230626,2582.20,0.95,15.80,1.92
20230627,2581.39,0.94,15.79,1.92
20230628,2564.19,0.94,15.69,1.94
20230629,2550.02,0.93,15.60,1.95
20230630,2564.28,0.94,15.69,1.94
20230703,2602.47,0.95,15.92,1.91
20230704,2593.31,0.95,15.87,1.91
20230705,2579.00,0.94,15.78,1.92
20230706,2556.29,0.94,15.64,1.94
20230707,2526.71,0.92,15.46,1.96
20230710,2520.70,0.92,15.42,1.97
20230711,2562.49,0.94,15.68,1.94
20230712,2574.72,0.94,15.76,1.93
20230713,2591.23,0.95,15.85,1.91
20230714,2628.30,0.96,16.08,1.89
20230717,2619.00,0.96,16.03,1.89
20230718,2607.62,0.95,15.96,1.90
20230719,2608.24,0.95,15.96,1.90
20230720,2600.23,0.95,15.91,1.91
20230721,2609.76,0.96,15.97,1.90
20230724,2628.53,0.96,16.09,1.89
20230725,2636.46,0.97,16.14,1.88
20230726,2592.36,0.95,15.87,1.91
20230727,2603.81,0.95,15.94,1.90
20230728,2608.32,0.96,15.97,1.90
20230731,2632.58,0.96,16.12,1.88
20230801,2667.07,0.98,16.33,1.86
20230802,2616.47,0.96,16.02,1.90
20230803,2605.39,0.95,15.96,1.90
20230804,2602.80,0.95,15.95,1.90
20230807,2580.71,0.95,15.81,1.92
20230808,2573.98,0.94,15.77,1.93
20230809,2605.12,0.96,15.96,1.90
20230810,2601.56,0.95,15.94,1.90
20230811,2591.26,0.95,15.88,1.91
20230814,2570.87,0.94,15.75,1.93
20230816,2525.64,0.93,15.46,1.96
20230817,2519.85,0.92,15.43,1.97
20230818,2504.50,0.92,15.33,1.98
20230821,2508.80,0.92,15.36,1.98
20230822,2515.74,0.92,15.39,1.97
20230823,2505.50,0.92,15.33,1.98
20230824,2537.68,0.93,15.52,1.95
20230825,2519.14,0.92,15.41,1.97
20230828,2543.41,0.93,15.56,1.95
20230829,2552.16,0.94,15.61,1.94
20230830,2561.22,0.94,15.67,1.93
20230831,2556.27,0.94,15.64,1.94
20230901,2563.71,0.94,15.68,1.93
20230904,2584.55,0.95,15.81,1.92
20230905,2582.18,0.95,15.80,1.92
20230906,2563.34,0.94,15.68,1.93
20230907,2548.26,0.93,15.59,1.94
20230908,2547.68,0.93,15.59,1.94
20230911,2556.88,0.94,15.64,1.94
20230912,2536.58,0.93,15.52,1.95
20230913,2534.70,0.93,15.51,1.95
20230914,2572.89,0.94,15.74,1.93
20230915,2601.28,0.95,15.92,1.90
20230918,2574.72,0.94,15.76,1.92
20230919,2559.21,0.93,19.15,1.93
20230920,2559.74,0.93,19.15,1.93
20230921,2514.97,0.91,18.82,1.97
20230922,2508.13,0.91,18.78,1.97
20230925,2495.76,0.90,18.69,1.98
20230926,2462.97,0.89,18.43,2.01
20230927,2465.07,0.89,18.45,2.00
20231004,2405.69,0.87,18.00,2.05
20231005,2403.60,0.87,17.99,2.06
20231006,2408.73,0.87,18.07,2.05
20231010,2402.58,0.87,18.02,2.05
20231011,2450.08,0.89,18.38,2.01
20231012,2479.82,0.90,18.60,1.99
20231013,2456.15,0.89,18.43,2.01
20231016,2436.24,0.88,18.28,2.02
20231017,2460.17,0.89,18.46,2.00
20231018,2462.60,0.89,18.48,2.00
20231019,2415.80,0.88,18.12,2.04
20231020,2375.00,0.86,17.82,2.08
20231023,2357.02,0.86,17.68,2.09
20231024,2383.51,0.87,17.88,2.07
20231025,2363.17,0.86,17.72,2.09
20231026,2299.08,0.83,17.24,2.15
20231027,2302.81,0.84,17.27,2.14
20231030,2310.55,0.84,17.33,2.13
20231031,2277.99,0.83,17.08,2.16
20231101,2301.56,0.84,17.26,2.14
20231102,2343.12,0.85,17.57,2.10
20231103,2368.34,0.86,17.76,2.08
20231106,2502.37,0.91,18.78,1.97
20231107,2443.96,0.89,18.34,2.02
20231108,2421.62,0.88,18.17,2.04
20231109,2427.08,0.88,18.21,2.03
20231110,2409.66,0.88,18.11,2.04
20231113,2403.76,0.87,18.06,2.05
20231114,2433.25,0.89,18.29,2.02
20231115,2486.67,0.90,18.69,1.98
20231116,2488.18,0.91,18.70,1.98
20231117,2469.85,0.90,18.56,1.99
20231120,2491.20,0.91,18.75,1.97
20231121,2510.42,0.91,18.90,1.96
20231122,2511.70,0.92,18.91,1.96
20231123,2514.96,0.92,18.93,1.95
20231124,2496.63,0.91,18.79,1.97
20231127,2495.66,0.91,18.79,1.97
20231128,2521.76,0.92,18.98,1.95
20231129,2519.81,0.92,18.97,1.95
20231130,2535.29,0.92,19.09,1.94
20231201,2505.01,0.91,18.86,1.96
20231204,2514.95,0.92,18.93,1.95
20231205,2494.28,0.91,18.77,1.97
20231206,2495.38,0.91,18.78,1.97
20231207,2492.07,0.91,18.76,1.97
20231208,2517.85,0.92,18.95,1.95
20231211,2525.36,0.92,19.01,1.94
20231212,2535.27,0.92,19.08,1.94
20231213,2510.66,0.91,18.90,1.96
20231214,2544.18,0.93,19.15,1.93
20231215,2563.56,0.94,19.43,1.90
20231218,2566.86,0.94,19.46,1.90
20231219,2568.55,0.94,19.47,1.90
20231220,2614.30,0.94,19.04,1.87
20231221,2600.02,0.93,18.94,1.88
20231222,2599.51,0.93,18.93,1.88
20231226,2602.59,0.94,18.97,1.87
20231227,2613.50,0.94,19.06,1.86
20231228,2655.28,0.96,19.36,1.83
20240102,2669.81,0.97,19.56,1.81
20240103,2607.31,0.94,19.10,1.86
20240104,2587.02,0.94,18.95,1.87
20240105,2578.08,0.93,18.88,1.88
20240108,2567.82,0.93,18.81,1.89
20240109,2561.24,0.93,18.76,1.89
20240110,2541.98,0.92,18.62,1.91
20240111,2540.27,0.92,18.60,1.91
20240112,2525.05,0.91,18.49,1.92
20240115,2525.99,0.91,18.49,1.92
20240116,2497.59,0.90,18.28,1.94
20240117,2435.90,0.88,17.83,1.99
20240118,2440.04,0.88,17.86,1.99
20240119,2472.74,0.89,18.10,1.96
20240122,2464.35,0.89,18.04,1.97
20240123,2478.61,0.90,18.15,1.96
20240124,2469.69,0.89,18.08,1.96
20240125,2470.34,0.89,18.10,1.96
20240126,2478.56,0.90,18.16,1.95
20240129,2500.65,0.91,18.35,1.93
20240130,2498.81,0.91,18.34,1.93
20240131,2497.09,0.91,18.33,1.93
20240201,2542.46,0.92,18.67,1.90
20240202,2615.31,0.95,19.20,1.85
20240205,2591.31,0.94,19.03,1.86
20240206,2576.20,0.94,18.92,1.87
20240207,2609.58,0.95,19.16,1.85
20240208,2620.32,0.95,19.24,1.84
20240213,2649.64,0.96,19.46,1.82
20240214,2620.42,0.95,19.24,1.84
20240215,2613.80,0.95,19.19,1.85
20240216,2648.76,0.96,19.45,1.82
20240219,2680.26,0.97,19.69,1.80
20240220,2657.79,0.97,19.52,1.82
20240221,2653.31,0.96,19.48,1.82
20240222,2664.27,0.97,19.56,1.81
20240223,2667.70,0.97,19.59,1.81
20240226,2647.08,0.96,19.44,1.82
20240227,2625.05,0.95,19.27,1.84
20240228,2652.29,0.96,19.49,1.82
20240229,2642.36,0.96,19.42,1.83
20240304,2674.27,0.97,19.66,1.80
20240305,2649.40,0.96,19.48,1.82
20240306,2641.49,0.96,19.41,1.83
20240307,2647.62,0.96,19.46,1.82
20240308,2680.35,0.97,19.70,1.80
20240311,2659.84,0.97,19.54,1.81
20240312,2681.81,0.97,19.71,1.80
20240313,2693.57,0.98,19.79,1.79
20240314,2718.76,0.99,19.98,1.77
20240315,2666.84,0.97,19.60,1.81
20240318,2685.84,0.98,19.74,1.80
20240319,2656.17,0.97,19.52,1.82
20240320,2690.14,0.98,19.77,1.79
20240321,2754.86,1.00,20.27,1.75
20240322,2748.56,1.00,20.22,1.76
20240325,2737.57,1.00,20.14,1.76
20240326,2757.09,1.00,20.28,1.75
20240327,2755.11,1.00,20.27,1.75
20240328,2745.82,1.00,20.20,1.76
20240329,2746.63,1.00,20.21,1.76
20240401,2747.86,1.00,20.21,1.76
20240402,2753.16,1.00,20.25,1.75
20240403,2706.97,0.98,19.91,1.78
20240404,2742.00,1.00,20.17,1.76
20240405,2714.21,0.99,19.96,1.78
20240408,2717.65,0.99,19.98,1.78
20240409,2705.16,0.98,19.89,1.78
20240411,2706.96,0.98,19.91,1.78
20240412,2681.82,0.98,19.71,1.80
20240415,2670.43,0.97,19.63,1.81
20240416,2609.63,0.95,19.18,1.85
20240417,2584.18,0.94,18.99,1.87
20240418,2634.70,0.96,19.36,1.83
20240419,2591.86,0.94,19.04,1.86
20240422,2629.44,0.96,19.32,1.84
20240423,2623.02,0.95,19.27,1.84
20240424,2675.75,0.97,19.66,1.81
20240425,2628.62,0.95,19.31,1.84
20240426,2656.33,0.97,19.52,1.82
20240429,2687.44,0.98,19.75,1.80
20240430,2692.06,0.98,19.78,1.79
20240502,2683.65,0.97,20.70,1.86
20240503,2676.63,0.97,20.64,1.86
20240507,2734.36,0.99,21.09,1.82
20240508,2745.05,1.00,21.17,1.82
20240509,2712.14,0.99,20.96,1.84
20240510,2727.63,0.99,21.06,1.83
20240513,2727.21,0.99,21.05,1.83
20240514,2730.34,0.99,21.07,1.83
20240516,2753.00,1.00,21.25,1.81
20240517,2724.62,0.99,21.03,1.83
20240520,2742.14,1.00,21.16,1.82
20240521,2724.18,0.99,21.02,1.83
20240522,2723.46,0.99,21.02,1.83
20240523,2721.81,0.99,21.00,1.83
20240524,2687.60,0.98,20.74,1.86
20240527,2722.99,0.99,21.01,1.83
20240528,2722.85,0.99,21.01,1.83
20240529,2677.30,0.97,20.66,1.86
20240530,2635.44,0.96,20.33,1.89
20240531,2636.52,0.96,20.34,1.89
20240603,2682.52,0.97,20.70,1.86
20240604,2662.10,0.97,20.54,1.87
20240605,2689.50,0.98,20.75,1.86
20240607,2722.67,0.99,21.01,1.83
20240610,2701.17,0.98,20.84,1.85
20240611,2705.32,0.98,20.87,1.84
20240612,2728.17,0.99,21.05,1.83
20240613,2754.89,1.00,21.26,1.81
20240614,2758.42,1.00,21.29,1.81
20240617,2744.10,0.98,18.39,1.82
20240618,2763.92,0.99,18.52,1.81
20240619,2797.33,1.00,18.75,1.78
20240620,2807.63,1.00,18.81,1.78
20240621,2784.26,1.00,18.66,1.79
20240624,2764.73,0.99,18.52,1.80
20240625,2774.39,0.99,18.59,1.80
20240626,2792.05,1.00,18.71,1.79
20240627,2784.06,1.00,18.66,1.79
20240628,2797.82,1.00,18.75,1.78
20240701,2804.31,1.00,18.79,1.78
20240702,2780.86,1.00,18.64,1.79
20240703,2794.01,1.00,18.73,1.78
20240704,2824.94,1.01,18.93,1.76
20240705,2862.23,1.02,19.19,1.74
20240708,2857.76,1.02,19.16,1.74
20240709,2867.38,1.03,19.23,1.73
20240710,2867.99,1.03,19.24,1.73
20240711,2891.35,1.03,19.40,1.72
20240712,2857.00,1.02,19.18,1.74
20240715,2860.92,1.03,19.21,1.74
20240716,2866.09,1.03,19.25,1.73
20240717,2843.29,1.02,19.09,1.75
20240718,2824.35,1.01,18.96,1.76
20240719,2795.46,1.00,18.77,1.78
20240722,2763.51,0.99,18.55,1.80
20240723,2774.29,0.99,18.63,1.79
20240724,2758.71,0.99,18.52,1.80
20240725,2710.65,0.97,18.20,1.83
20240726,2731.90,0.98,18.34,1.82
20240729,2765.53,0.99,18.57,1.80
20240730,2738.19,0.98,18.38,1.81
20240731,2770.69,0.99,18.60,1.79
20240801,2777.68,1.00,18.65,1.79
20240802,2676.19,0.96,17.97,1.86
20240805,2441.55,0.87,16.39,2.03
20240806,2522.15,0.90,16.93,1.97
20240807,2568.41,0.92,17.24,1.93
20240808,2556.73,0.92,17.16,1.94
20240809,2588.43,0.93,17.37,1.92
20240812,2618.30,0.94,17.57,1.90
20240813,2621.50,0.94,17.60,1.89
20240814,2644.50,0.95,17.75,1.88
20240816,2697.23,0.97,18.09,1.84
20240819,2674.36,0.96,17.94,1.86
20240820,2696.63,0.97,18.09,1.84
20240821,2701.13,0.97,18.12,1.84
20240822,2707.67,0.97,18.16,1.83
20240823,2701.69,0.97,18.12,1.84
20240826,2698.01,0.97,18.09,1.84
20240827,2689.25,0.96,18.03,1.85
20240828,2689.83,0.96,18.04,1.85
20240829,2662.28,0.95,17.85,1.87
20240830,2674.31,0.96,17.93,1.86
20240902,2681.00,0.96,17.98,1.85
20240903,2664.63,0.95,17.86,1.86
20240904,2580.80,0.92,17.30,1.93
20240905,2575.50,0.92,17.26,1.93
20240906,2544.28,0.91,17.04,1.95
20240909,2535.93,0.91,16.99,1.96
20240910,2523.43,0.90,16.90,1.97
20240911,2513.37,0.90,16.83,1.98
20240912,2572.09,0.92,17.23,1.93
20240913,2575.41,0.92,17.25,1.93
20240919,2580.80,0.90,14.50,1.93
20240920,2593.37,0.91,14.58,1.92
20240923,2602.01,0.91,14.63,1.91
20240924,2631.68,0.92,14.79,1.89
20240925,2596.32,0.91,14.59,1.91
20240926,2671.57,0.94,15.02,1.86
20240927,2649.78,0.93,14.90,1.88
20240930,2593.27,0.91,14.58,1.92
20241002,2561.69,0.90,14.40,1.94
20241004,2569.71,0.90,14.44,1.93
20241007,2610.38,0.91,14.67,1.90
20241008,2594.36,0.91,14.58,1.91
20241010,2599.16,0.91,14.61,1.91
20241011,2596.91,0.91,14.60,1.91
20241014,2623.29,0.92,14.75,1.89
20241015,2633.45,0.92,14.80,1.89
20241016,2610.36,0.91,14.67,1.90
20241017,2609.30,0.91,14.67,1.90
20241018,2593.82,0.91,14.58,1.92
20241021,2604.92,0.91,14.64,1.91
20241022,2570.70,0.90,14.45,1.93
20241023,2599.62,0.91,14.61,1.91
20241024,2581.03,0.90,14.51,1.93
20241025,2583.27,0.90,14.52,1.92
20241028,2612.43,0.91,14.69,1.90
20241029,2617.80,0.92,14.72,1.90
20241030,2593.79,0.91,14.58,1.92
20241031,2556.15,0.90,14.37,1.94
20241101,2542.36,0.89,14.29,1.95
20241104,2588.97,0.91,14.55,1.92
20241105,2576.88,0.90,14.49,1.93
20241106,2563.51,0.90,14.41,1.94
20241107,2564.63,0.90,14.42,1.94
20241108,2561.15,0.90,14.40,1.94
20241111,2531.66,0.89,14.24,1.96
20241112,2482.57,0.87,13.96,2.00
20241113,2417.08,0.85,13.60,2.05
20241114,2418.86,0.85,13.62,2.05
20241115,2416.86,0.85,13.60,2.05
20241118,2469.07,0.87,13.90,2.01
20241119,2471.95,0.87,13.91,2.01
20241120,2482.29,0.87,14.01,1.99
20241121,2480.63,0.87,14.00,1.99
20241122,2501.24,0.88,14.12,1.98
20241125,2534.34,0.89,14.31,1.95
20241126,2520.36,0.89,14.23,1.96
20241127,2503.06,0.88,14.13,1.98
20241128,2504.67,0.88,14.14,1.97
20241129,2455.91,0.86,13.87,2.01
20241202,2454.48,0.86,13.86,2.02
20241203,2500.10,0.88,14.12,1.98
20241204,2464.00,0.87,13.91,2.01
20241205,2441.85,0.86,13.79,2.03
20241206,2428.16,0.85,13.71,2.04
20241209,2360.58,0.83,13.32,2.10
20241210,2417.84,0.85,13.65,2.05
20241211,2442.51,0.86,13.78,2.03
20241212,2482.12,0.87,14.01,1.99
20241213,2494.46,0.88,14.08,1.98
20241216,2488.97,0.88,14.05,1.99
20241217,2456.81,0.86,13.86,2.01
20241218,2484.43,0.87,14.02,1.99
20241219,2435.93,0.85,12.85,2.03
20241220,2404.15,0.84,12.68,2.06
20241223,2442.01,0.85,12.88,2.03
20241224,2440.52,0.85,12.87,2.03
20241226,2429.67,0.85,12.81,2.04
20241227,2404.77,0.84,12.68,2.06
20241230,2399.49,0.84,12.66,2.06
20250102,2398.94,0.84,12.66,2.06
20250103,2441.92,0.86,12.88,2.03
20250106,2488.64,0.87,13.13,1.99
20250107,2492.10,0.87,13.15,1.98
20250108,2521.05,0.88,13.31,1.96
20250109,2521.90,0.88,13.31,1.96
20250110,2515.78,0.88,13.28,1.96
20250113,2489.56,0.87,13.14,1.99
20250114,2497.40,0.88,13.19,1.98
20250115,2496.81,0.87,13.18,1.98
20250116,2527.49,0.89,13.34,1.96
20250117,2523.55,0.88,13.32,1.96
20250120,2520.05,0.88,13.30,1.96
20250121,2518.03,0.88,13.29,1.96
20250122,2547.06,0.89,13.45,1.94
20250123,2515.49,0.88,13.28,1.97
20250124,2536.80,0.89,13.39,1.95
20250131,2517.37,0.88,13.29,1.96
20250203,2453.95,0.86,12.95,2.01
20250204,2481.69,0.87,13.10,1.99
20250205,2509.27,0.88,13.25,1.97
20250206,2536.75,0.89,13.40,1.95
20250207,2521.92,0.88,13.31,1.96
20250210,2521.27,0.88,13.31,1.96
20250211,2539.05,0.89,13.40,1.95
20250212,2548.39,0.89,13.45,1.94
20250213,2583.17,0.91,13.63,1.92
20250214,2591.05,0.91,13.68,1.91
20250217,2610.42,0.92,13.78,1.90
20250218,2626.81,0.92,13.86,1.88
20250219,2671.52,0.94,14.10,1.85
20250220,2654.06,0.93,14.01,1.86
20250221,2654.58,0.93,14.01,1.86
20250224,2645.27,0.93,13.94,1.87
20250225,2630.29,0.92,13.86,1.88
20250226,2641.09,0.93,13.92,1.87
20250227,2621.75,0.92,13.82,1.89
20250228,2532.78,0.89,13.35,1.96
20250304,2528.92,0.89,13.32,1.96
20250305,2558.13,0.90,13.46,1.94
20250306,2576.16,0.90,13.53,1.93
20250307,2563.48,0.90,13.47,1.94
20250310,2570.39,0.90,13.51,1.93
20250311,2537.60,0.89,13.33,1.96
20250312,2574.82,0.90,13.53,1.93
20250313,2573.64,0.90,13.52,1.93
20250314,2566.36,0.90,13.48,1.93
20250317,2610.69,0.91,13.69,1.91
20250318,2612.34,0.91,13.70,1.91
20250319,2628.62,0.92,13.79,1.90
20250320,2637.10,0.92,13.83,1.89
20250321,2643.13,0.92,13.86,1.88
20250324,2632.07,0.92,13.80,1.89
20250325,2615.81,0.91,13.72,1.90
20250326,2643.94,0.92,13.87,1.88
20250327,2607.15,0.91,13.67,1.91
20250328,2557.98,0.89,13.41,1.95
20250331,2481.12,0.87,13.01,2.01
20250401,2521.39,0.88,13.22,1.98
20250402,2505.86,0.88,13.14,1.99
20250403,2486.70,0.87,13.03,2.00
20250404,2465.42,0.86,12.92,2.02
20250407,2328.20,0.81,12.20,2.14
20250408,2334.23,0.82,12.23,2.14
20250409,2293.70,0.80,12.02,2.17
20250410,2445.06,0.86,12.82,2.04
20250411,2432.72,0.85,12.76,2.05
20250414,2455.89,0.86,12.88,2.03
20250415,2477.41,0.87,12.99,2.01
20250416,2447.43,0.86,12.83,2.04
20250417,2470.41,0.86,12.95,2.02
20250418,2483.42,0.87,13.02,2.01
20250421,2488.42,0.87,13.05,2.00
20250422,2486.64,0.87,13.04,2.00
20250423,2525.56,0.88,13.24,1.97
20250424,2522.33,0.88,13.22,1.98
20250425,2546.30,0.89,13.35,1.96
20250428,2548.86,0.89,13.36,1.96
20250429,2565.42,0.90,13.44,1.94
20250430,2556.61,0.89,13.40,1.95
20250502,2559.79,0.87,12.66,2.16
20250507,2573.80,0.87,12.73,2.14
20250508,2579.48,0.87,12.76,2.14
20250509,2577.27,0.87,12.75,2.14
20250512,2607.33,0.88,12.90,2.12
20250513,2608.42,0.88,12.92,2.11
20250514,2640.57,0.89,13.08,2.09
20250515,2621.36,0.89,12.99,2.10
20250516,2626.87,0.89,13.01,2.10
20250519,2603.42,0.88,12.90,2.12
20250520,2601.80,0.88,12.89,2.12
20250521,2625.58,0.89,13.00,2.10
20250522,2593.67,0.88,12.86,2.12
20250523,2592.09,0.88,12.86,2.12
20250526,2644.40,0.90,13.12,2.08
20250527,2637.22,0.89,13.09,2.09
20250528,2670.15,0.91,13.25,2.06
20250529,2720.64,0.92,13.50,2.02
20250530,2697.67,0.92,13.39,2.04
20250602,2698.97,0.92,13.39,2.04
20250604,2770.84,0.94,13.75,1.98
20250605,2812.05,0.95,13.95,1.96
20250609,2855.77,0.97,14.17,1.93
20250610,2871.85,0.97,14.25,1.92
20250611,2907.04,0.99,14.42,1.89
20250612,2920.03,0.98,13.34,1.88
20250613,2894.62,0.97,13.22,1.90
20250616,2946.66,0.99,13.47,1.87
20250617,2950.30,0.99,13.48,1.86
20250618,2972.19,1.00,13.58,1.85
20250619,2977.74,1.00,13.61,1.85
20250620,3021.84,1.02,13.81,1.82
20250623,3014.47,1.01,13.78,1.82
20250624,3103.64,1.04,14.19,1.77
20250625,3108.25,1.05,14.21,1.77
20250626,3079.56,1.04,14.08,1.78
20250627,3055.94,1.03,13.97,1.80
20250630,3071.70,1.03,14.04,1.79
20250701,3089.65,1.04,14.12,1.78
20250702,3075.06,1.03,14.06,1.79
20250703,3116.27,1.05,14.25,1.76
20250704,3054.28,1.03,13.96,1.80
20250707,3059.47,1.03,13.98,1.80
20250708,3114.95,1.05,14.24,1.76
20250709,3133.74,1.05,14.33,1.75
20250710,3183.23,1.07,14.56,1.73
20250711,3175.77,1.07,14.53,1.73
20250714,3202.03,1.08,14.64,1.72
20250715,3215.28,1.08,14.71,1.71
20250716,3186.38,1.07,14.57,1.72
20250717,3192.29,1.07,14.60,1.72
20250718,3188.07,1.07,14.58,1.72
20250721,3210.81,1.08,14.69,1.71
20250722,3169.94,1.07,14.50,1.73
20250723,3183.77,1.07,14.56,1.73
20250724,3190.45,1.07,14.59,1.72
20250725,3196.05,1.07,14.62,1.72
20250728,3209.52,1.08,14.68,1.71
20250729,3230.57,1.09,14.78,1.70
20250730,3254.47,1.09,14.89,1.69
20250731,3245.44,1.09,14.84,1.69
20250801,3119.41,1.05,14.27,1.76
20250804,3147.75,1.06,14.40,1.74
20250805,3198.00,1.08,14.63,1.72
20250806,3198.14,1.08,14.63,1.72
20250807,3227.68,1.09,14.77,1.70
20250808,3210.01,1.08,14.69,1.71
20250811,3206.77,1.08,14.67,1.71
20250812,3189.91,1.07,14.59,1.72
20250813,3224.37,1.09,14.75,1.70
20250814,3225.66,1.09,14.76,1.70
20250818,3177.28,1.07,14.54,1.73
20250819,3151.56,1.06,14.42,1.74
20250820,3130.09,1.05,14.32,1.75
20250821,3141.74,1.06,14.37,1.75
20250822,3168.73,1.07,14.49,1.73
20250825,3209.86,1.08,14.68,1.71
20250826,3179.36,1.07,14.54,1.73
20250827,3187.16,1.07,14.58,1.72
20250828,3196.32,1.08,14.62,1.72
20250829,3186.01,1.07,14.57,1.72
20250901,3142.93,1.06,14.38,1.75
20250902,3172.35,1.07,14.51,1.73
20250903,3184.42,1.07,14.57,1.72
20250904,3200.83,1.08,14.64,1.71
20250905,3205.12,1.08,14.67,1.71
20250908,3219.59,1.08,14.74,1.70
20250909,3260.05,1.10,14.93,1.68
20250910,3314.53,1.12,15.18,1.65
20250911,3344.20,1.13,15.31,1.64
20250912,3395.54,1.14,15.55,1.61
20250915,3407.31,1.15,15.60,1.61
20250916,3449.62,1.16,15.93,1.59
20250917,3413.40,1.14,15.76,1.61
20250918,3461.30,1.16,15.98,1.58
20250919,3445.24,1.15,15.91,1.59
20250922,3468.65,1.16,16.02,1.58
20250923,3486.19,1.17,16.10,1.57
20250924,3472.14,1.16,16.03,1.58
20250925,3471.11,1.16,16.03,1.58
20250926,3386.05,1.13,15.63,1.62
20250929,3431.21,1.15,15.84,1.60
20250930,3424.60,1.15,15.81,1.60
20251001,3455.83,1.16,15.95,1.59
20251002,3549.21,1.19,16.39,1.55
20251010,3610.60,1.21,16.67,1.52
20251013,3584.55,1.20,16.55,1.53
20251014,3561.81,1.19,16.44,1.54
20251015,3657.28,1.23,16.89,1.50
20251016,3748.37,1.26,17.31,1.46
20251017,3748.89,1.26,17.31,1.46
20251020,3814.69,1.28,17.62,1.44
20251021,3823.84,1.28,17.66,1.43
20251022,3883.68,1.30,17.93,1.41
20251023,3845.56,1.29,17.75,1.43
20251024,3941.59,1.32,18.20,1.39
20251027,4042.83,1.35,18.67,1.36
20251028,4010.41,1.34,18.52,1.37
20251029,4081.15,1.37,18.85,1.34
20251030,4086.89,1.37,18.87,1.34
20251031,4107.50,1.38,18.97,1.34
20251103,4221.87,1.41,19.50,1.30
20251104,4121.74,1.38,19.04,1.33
20251105,4004.42,1.34,18.49,1.37
20251106,4026.45,1.35,18.59,1.36
20251107,3953.76,1.32,18.26,1.39
20251110,4073.24,1.36,18.81,1.35
20251111,4106.39,1.38,18.97,1.34
20251112,4150.39,1.39,19.17,1.32
20251113,4170.63,1.40,19.27,1.31
20251114,4011.57,1.34,18.53,1.37
20251117,4089.25,1.37,18.89,1.34
20251118,3953.62,1.33,18.26,1.39
20251119,3929.51,1.32,18.15,1.40
20251120,4004.85,1.34,18.50,1.37
20251121,3853.26,1.29,17.80,1.42
20251124,3846.06,1.29,17.76,1.43
20251125,3857.78,1.29,17.81,1.42
20251126,3960.87,1.33,18.28,1.39
20251127,3986.91,1.34,18.41,1.38
20251128,3926.59,1.32,18.12,1.40
20251201,3920.37,1.31,18.10,1.40
20251202,3994.93,1.34,18.44,1.37
20251203,4036.30,1.35,18.62,1.36
20251204,4028.51,1.35,18.58,1.36
20251205,4100.05,1.37,18.92,1.34
20251208,4154.85,1.39,19.17,1.32
20251209,4143.55,1.39,19.11,1.33
20251210,4135.00,1.38,19.07,1.33
20251211,4110.62,1.38,18.96,1.34
20251212,4167.16,1.39,19.21,1.32
20251215,4090.59,1.37,18.85,1.34
20251216,3999.13,1.28,16.66,1.37
20251217,4056.41,1.30,16.90,1.35
20251218,3994.51,1.28,16.64,1.38
20251219,4020.55,1.29,16.75,1.37
20251222,4105.93,1.32,17.10,1.34
20251223,4117.32,1.32,17.15,1.33
20251224,4108.62,1.32,17.12,1.34
20251226,4129.68,1.32,17.20,1.33
20251229,4220.56,1.35,17.59,1.30
20251230,4214.17,1.35,17.56,1.30
20260102,4309.63,1.38,17.97,1.27
20260105,4457.52,1.43,18.59,1.23
20260106,4525.48,1.45,18.88,1.21
20260107,4551.06,1.46,18.98,1.21
20260108,4552.37,1.46,18.99,1.21
20260109,4586.32,1.47,19.15,1.20
20260112,4624.79,1.49,19.31,1.19
20260113,4692.64,1.51,19.60,1.17
20260114,4723.10,1.52,19.73,1.16
20260115,4797.55,1.54,20.04,1.14
20260116,4840.74,1.56,20.22,1.13
20260119,4904.66,1.58,20.49,1.12
20260120,4885.75,1.57,20.41,1.12
20260121,4909.93,1.58,20.52,1.12
20260122,4952.53,1.59,20.69,1.11
20260123,4990.07,1.60,20.85,1.10
20260126,4949.59,1.59,20.68,1.11
20260127,5084.85,1.64,21.25,1.08
20260128,5170.81,1.66,21.61,1.06
20260129,5221.25,1.68,21.83,1.05
20260130,5224.36,1.68,21.84,1.05
20260202,4949.67,1.59,20.69,1.11
20260203,5288.08,1.70,22.11,1.04
20260204,5371.10,1.73,22.46,1.02
20260205,5163.57,1.66,21.58,1.06
20260206,5089.14,1.64,21.27,1.08
20260209,5298.04,1.70,22.15,1.03
20260210,5301.69,1.71,22.16,1.03
20260211,5354.49,1.72,22.38,1.02
20260212,5522.27,1.78,23.09,0.99
20260213,5507.01,1.77,23.03,0.99
20260219,5677.25,1.83,23.74,0.96
20260220,5808.53,1.87,24.30,0.94
20260223,5846.09,1.88,24.37,0.94
20260224,5969.64,1.92,24.89,0.92
20260225,6083.86,1.95,25.37,0.90
20260226,6307.27,2.02,26.30,0.87
20260227,6244.13,2.00,26.04,0.88
20260303,5791.91,1.86,24.15,0.95
20260304,5093.54,1.63,21.23,1.08
20260305,5583.90,1.79,23.28,0.98
20260306,5584.87,1.79,23.29,0.98
20260309,5251.87,1.69,21.90,1.04
20260310,5532.59,1.78,23.07,0.99
20260311,5609.95,1.80,23.40,0.98
20260312,5583.25,1.79,23.28,0.98
20260313,5487.24,1.76,22.88,1.00
20260316,5549.85,1.78,23.14,0.99
20260317,5640.48,1.81,23.52,0.97
20260318,5925.03,1.90,24.71,0.93
20260319,5763.22,1.85,24.03,0.95
20260320,5781.20,1.85,24.10,0.95
20260323,5405.75,1.73,22.52,1.02
20260324,5553.92,1.78,23.12,0.99
20260325,5642.21,1.81,23.49,0.97
20260326,5460.46,1.75,22.73,1.01
20260327,5438.87,1.74,22.64,1.01
20260330,5277.30,1.69,21.96,1.04
20260331,5052.46,1.62,21.01,1.09
20260401,5478.70,1.76,22.80,1.00
20260402,5234.05,1.68,21.77,1.05
20260403,5377.30,1.72,22.37,1.02
20260406,5450.33,1.75,22.69,1.01
20260407,5494.78,1.76,22.87,1.00
20260408,5872.34,1.88,24.44,0.93
20260409,5778.01,1.85,24.04,0.95
20260410,5858.87,1.88,24.37,0.94
20260413,5808.62,1.86,24.15,0.95
20260414,5967.75,1.91,24.74,0.92
20260415,6091.39,1.95,25.24,0.91
20260416,6226.05,1.99,25.81,0.89
20260417,6191.92,1.98,25.66,0.89
20260420,6219.09,1.99,25.78,0.89
20260421,6388.47,2.04,26.48,0.86
20260422,6417.93,2.05,26.61,0.86
20260423,6475.81,2.07,26.84,0.85
20260424,6475.63,2.07,26.83,0.85
20260427,6615.03,2.11,27.42,0.83
20260428,6641.02,2.12,27.52,0.83
20260429,6690.90,2.14,27.74,0.82
20260430,6598.87,2.11,27.36,0.84
20260504,6936.99,2.12,26.41,0.92
20260506,7384.56,2.26,28.12,0.86
20260507,7490.05,2.29,28.52,0.85
20260508,7498.00,2.29,28.55,0.85
20260511,7822.24,2.39,29.79,0.81
20260512,7643.15,2.34,29.10,0.83
20260513,7844.01,2.40,29.87,0.81
20260514,7981.41,2.44,30.40,0.80
20260515,7493.18,2.29,28.52,0.85
20260518,7516.04,2.30,28.61,0.85
20260519,7271.66,2.22,27.68,0.87
20260520,7208.95,2.21,27.44,0.88
20260521,7815.59,2.39,29.76,0.81
20260522,7847.71,2.40,29.88,0.81
20260526,8047.51,2.46,30.64,0.79
20260527,8228.70,2.52,31.33,0.77
20260528,8185.29,2.51,31.17,0.78
20260529,8476.15,2.59,32.28,0.75
20260601,8788.38,2.69,33.47,0.72
20260602,8801.49,2.69,33.52,0.72
20260604,8639.41,2.64,32.90,0.74
20260605,8160.59,2.50,31.08,0.78
20260608,7484.41,2.29,28.50,0.85
20260609,8096.93,2.48,30.82,0.79
20260610,7730.82,2.36,29.42,0.82
20260611,7763.95,2.37,29.54,0.82
20260612,8123.62,2.31,22.10,0.78
20260615,8545.98,2.43,23.26,0.74
20260616,8726.60,2.48,23.74,0.73
20260617,8864.24,2.52,24.12,0.72
20260618,9063.84,2.58,24.66,0.70
20260619,9052.42,2.58,24.63,0.70
20260622,9114.55,2.59,24.80,0.70
20260623,8203.84,2.33,22.32,0.78
20260624,8471.02,2.41,23.05,0.75
20260625,8930.30,2.54,24.30,0.71
20260626,8411.21,2.39,22.88,0.76
20260629,8394.65,2.39,22.84,0.76
20260630,8476.48,2.41,23.06,0.75
20260701,8303.41,2.36,22.59,0.77
20260702,7648.09,2.17,20.80,0.83
20260703,8088.34,2.30,22.00,0.79
20260706,8051.33,2.29,21.90,0.79
20260707,7656.31,2.18,20.82,0.83
20260708,7246.79,2.06,19.71,0.88
20260709,7291.91,2.07,19.83,0.87
20260710,7475.94,2.13,20.33,0.85
20260713,6806.93,1.94,18.51,0.93
20260714,6856.83,1.95,18.65,0.93
20260715,7284.41,2.07,19.81,0.87
20260716,6820.60,1.94,18.54,0.93
20260720,6516.27,1.85,17.71,0.98
20260721,6747.95,1.92,18.34,0.94
20260722,6797.70,1.93,18.48,0.94
20260723,7096.89,2.02,19.29,0.90
20260724,6690.62,1.90,18.19,0.95
20260727,6755.75,1.92,18.36,0.94
20260728,6023.66,1.71,16.37,1.06
20260729,5663.24,1.62,15.48,1.12
20260730,5593.56,1.60,15.28,1.13
20260731,6595.45,1.88,18.03,0.96